seed,num_requests,arrival_rate_hz,k,m,degree,shard_size_mib,straggler_probability,queue_depth,gpu_concurrency,strategy,p50_us,p95_us,p99_us,recovery_admission_pct,recovery_rejection_pct,recovery_win_pct
20260901,1000,2000.000,16,4,3,16,0.010,1,2,wait,2748,22117,26488,0.000,0.000,0.000
20260901,1000,2000.000,16,4,3,16,0.010,1,2,replication,2357,2704,2890,0.000,0.000,0.000
20260901,1000,2000.000,16,4,3,16,0.010,1,2,codedllm,2684,19751,25029,22.600,47.300,22.600
20260901,1000,2000.000,16,4,3,16,0.010,1,4,wait,2748,22117,26488,0.000,0.000,0.000
20260901,1000,2000.000,16,4,3,16,0.010,1,4,replication,2357,2704,2890,0.000,0.000,0.000
20260901,1000,2000.000,16,4,3,16,0.010,1,4,codedllm,2684,19751,25029,22.600,47.300,22.600
20260901,1000,2000.000,16,4,3,16,0.010,4,2,wait,2748,22117,26488,0.000,0.000,0.000
20260901,1000,2000.000,16,4,3,16,0.010,4,2,replication,2357,2704,2890,0.000,0.000,0.000
20260901,1000,2000.000,16,4,3,16,0.010,4,2,codedllm,2639,17214,24482,39.600,0.000,39.600
20260901,1000,2000.000,16,4,3,16,0.010,4,4,wait,2748,22117,26488,0.000,0.000,0.000
20260901,1000,2000.000,16,4,3,16,0.010,4,4,replication,2357,2704,2890,0.000,0.000,0.000
20260901,1000,2000.000,16,4,3,16,0.010,4,4,codedllm,2639,17214,24482,39.600,0.000,39.600
20260901,1000,2000.000,16,4,3,16,0.010,16,2,wait,2748,22117,26488,0.000,0.000,0.000
20260901,1000,2000.000,16,4,3,16,0.010,16,2,replication,2357,2704,2890,0.000,0.000,0.000
20260901,1000,2000.000,16,4,3,16,0.010,16,2,codedllm,2639,17214,24482,39.600,0.000,39.600
20260901,1000,2000.000,16,4,3,16,0.010,16,4,wait,2748,22117,26488,0.000,0.000,0.000
20260901,1000,2000.000,16,4,3,16,0.010,16,4,replication,2357,2704,2890,0.000,0.000,0.000
20260901,1000,2000.000,16,4,3,16,0.010,16,4,codedllm,2639,17214,24482,39.600,0.000,39.600
20260901,1000,2000.000,16,8,3,16,0.010,1,2,wait,2739,21999,26488,0.000,0.000,0.000
20260901,1000,2000.000,16,8,3,16,0.010,1,2,replication,2351,2687,2818,0.000,0.000,0.000
20260901,1000,2000.000,16,8,3,16,0.010,1,2,codedllm,2640,20744,25612,27.000,58.200,27.000
20260901,1000,2000.000,16,8,3,16,0.010,1,4,wait,2739,21999,26488,0.000,0.000,0.000
20260901,1000,2000.000,16,8,3,16,0.010,1,4,replication,2351,2687,2818,0.000,0.000,0.000
20260901,1000,2000.000,16,8,3,16,0.010,1,4,codedllm,2640,20744,25612,27.000,58.200,27.000
20260901,1000,2000.000,16,8,3,16,0.010,4,2,wait,2739,21999,26488,0.000,0.000,0.000
20260901,1000,2000.000,16,8,3,16,0.010,4,2,replication,2351,2687,2818,0.000,0.000,0.000
20260901,1000,2000.000,16,8,3,16,0.010,4,2,codedllm,2548,3099,22217,62.300,0.000,62.300
20260901,1000,2000.000,16,8,3,16,0.010,4,4,wait,2739,21999,26488,0.000,0.000,0.000
20260901,1000,2000.000,16,8,3,16,0.010,4,4,replication,2351,2687,2818,0.000,0.000,0.000
20260901,1000,2000.000,16,8,3,16,0.010,4,4,codedllm,2546,3099,22217,62.400,0.000,62.400
20260901,1000,2000.000,16,8,3,16,0.010,16,2,wait,2739,21999,26488,0.000,0.000,0.000
20260901,1000,2000.000,16,8,3,16,0.010,16,2,replication,2351,2687,2818,0.000,0.000,0.000
20260901,1000,2000.000,16,8,3,16,0.010,16,2,codedllm,2548,3099,22217,62.300,0.000,62.300
20260901,1000,2000.000,16,8,3,16,0.010,16,4,wait,2739,21999,26488,0.000,0.000,0.000
20260901,1000,2000.000,16,8,3,16,0.010,16,4,replication,2351,2687,2818,0.000,0.000,0.000
20260901,1000,2000.000,16,8,3,16,0.010,16,4,codedllm,2546,3099,22217,62.400,0.000,62.400
20260901,1000,2000.000,16,4,3,16,0.050,1,2,wait,15957,26099,29158,0.000,0.000,0.000
20260901,1000,2000.000,16,4,3,16,0.050,1,2,replication,2393,2956,18253,0.000,0.000,0.000
20260901,1000,2000.000,16,4,3,16,0.050,1,2,codedllm,2968,25317,28527,23.500,50.600,23.500
20260901,1000,2000.000,16,4,3,16,0.050,1,4,wait,15957,26099,29158,0.000,0.000,0.000
20260901,1000,2000.000,16,4,3,16,0.050,1,4,replication,2393,2956,18253,0.000,0.000,0.000
20260901,1000,2000.000,16,4,3,16,0.050,1,4,codedllm,2968,25317,28527,23.500,50.600,23.500
20260901,1000,2000.000,16,4,3,16,0.050,4,2,wait,15957,26099,29158,0.000,0.000,0.000
20260901,1000,2000.000,16,4,3,16,0.050,4,2,replication,2393,2956,18253,0.000,0.000,0.000
20260901,1000,2000.000,16,4,3,16,0.050,4,2,codedllm,2807,24055,28417,46.500,0.000,46.500
20260901,1000,2000.000,16,4,3,16,0.050,4,4,wait,15957,26099,29158,0.000,0.000,0.000
20260901,1000,2000.000,16,4,3,16,0.050,4,4,replication,2393,2956,18253,0.000,0.000,0.000
20260901,1000,2000.000,16,4,3,16,0.050,4,4,codedllm,2807,24055,28417,46.500,0.000,46.500
20260901,1000,2000.000,16,4,3,16,0.050,16,2,wait,15957,26099,29158,0.000,0.000,0.000
20260901,1000,2000.000,16,4,3,16,0.050,16,2,replication,2393,2956,18253,0.000,0.000,0.000
20260901,1000,2000.000,16,4,3,16,0.050,16,2,codedllm,2807,24055,28417,46.500,0.000,46.500
20260901,1000,2000.000,16,4,3,16,0.050,16,4,wait,15957,26099,29158,0.000,0.000,0.000
20260901,1000,2000.000,16,4,3,16,0.050,16,4,replication,2393,2956,18253,0.000,0.000,0.000
20260901,1000,2000.000,16,4,3,16,0.050,16,4,codedllm,2807,24055,28417,46.500,0.000,46.500
20260901,1000,2000.000,16,8,3,16,0.050,1,2,wait,16155,26181,28682,0.000,0.000,0.000
20260901,1000,2000.000,16,8,3,16,0.050,1,2,replication,2396,2897,18821,0.000,0.000,0.000
20260901,1000,2000.000,16,8,3,16,0.050,1,2,codedllm,2899,25383,28293,27.300,60.400,27.300
20260901,1000,2000.000,16,8,3,16,0.050,1,4,wait,16155,26181,28682,0.000,0.000,0.000
20260901,1000,2000.000,16,8,3,16,0.050,1,4,replication,2396,2897,18821,0.000,0.000,0.000
20260901,1000,2000.000,16,8,3,16,0.050,1,4,codedllm,2899,25383,28293,27.300,60.400,27.300
20260901,1000,2000.000,16,8,3,16,0.050,4,2,wait,16155,26181,28682,0.000,0.000,0.000
20260901,1000,2000.000,16,8,3,16,0.050,4,2,replication,2396,2897,18821,0.000,0.000,0.000
20260901,1000,2000.000,16,8,3,16,0.050,4,2,codedllm,2631,22713,26358,66.500,0.000,66.500
20260901,1000,2000.000,16,8,3,16,0.050,4,4,wait,16155,26181,28682,0.000,0.000,0.000
20260901,1000,2000.000,16,8,3,16,0.050,4,4,replication,2396,2897,18821,0.000,0.000,0.000
20260901,1000,2000.000,16,8,3,16,0.050,4,4,codedllm,2631,22713,26358,66.500,0.000,66.500
20260901,1000,2000.000,16,8,3,16,0.050,16,2,wait,16155,26181,28682,0.000,0.000,0.000
20260901,1000,2000.000,16,8,3,16,0.050,16,2,replication,2396,2897,18821,0.000,0.000,0.000
20260901,1000,2000.000,16,8,3,16,0.050,16,2,codedllm,2631,22713,26358,66.500,0.000,66.500
20260901,1000,2000.000,16,8,3,16,0.050,16,4,wait,16155,26181,28682,0.000,0.000,0.000
20260901,1000,2000.000,16,8,3,16,0.050,16,4,replication,2396,2897,18821,0.000,0.000,0.000
20260901,1000,2000.000,16,8,3,16,0.050,16,4,codedllm,2631,22713,26358,66.500,0.000,66.500
20260901,1000,2000.000,16,4,3,16,0.100,1,2,wait,20598,27550,30020,0.000,0.000,0.000
20260901,1000,2000.000,16,4,3,16,0.100,1,2,replication,2459,19060,22574,0.000,0.000,0.000
20260901,1000,2000.000,16,4,3,16,0.100,1,2,codedllm,18906,26703,29549,24.800,52.500,24.800
20260901,1000,2000.000,16,4,3,16,0.100,1,4,wait,20598,27550,30020,0.000,0.000,0.000
20260901,1000,2000.000,16,4,3,16,0.100,1,4,replication,2459,19060,22574,0.000,0.000,0.000
20260901,1000,2000.000,16,4,3,16,0.100,1,4,codedllm,18906,26703,29549,24.800,52.500,24.800
20260901,1000,2000.000,16,4,3,16,0.100,4,2,wait,20598,27550,30020,0.000,0.000,0.000
20260901,1000,2000.000,16,4,3,16,0.100,4,2,replication,2459,19060,22574,0.000,0.000,0.000
20260901,1000,2000.000,16,4,3,16,0.100,4,2,codedllm,14836,25680,28611,51.600,0.000,51.600
20260901,1000,2000.000,16,4,3,16,0.100,4,4,wait,20598,27550,30020,0.000,0.000,0.000
20260901,1000,2000.000,16,4,3,16,0.100,4,4,replication,2459,19060,22574,0.000,0.000,0.000
20260901,1000,2000.000,16,4,3,16,0.100,4,4,codedllm,14836,25680,28611,51.600,0.000,51.600
20260901,1000,2000.000,16,4,3,16,0.100,16,2,wait,20598,27550,30020,0.000,0.000,0.000
20260901,1000,2000.000,16,4,3,16,0.100,16,2,replication,2459,19060,22574,0.000,0.000,0.000
20260901,1000,2000.000,16,4,3,16,0.100,16,2,codedllm,14836,25680,28611,51.600,0.000,51.600
20260901,1000,2000.000,16,4,3,16,0.100,16,4,wait,20598,27550,30020,0.000,0.000,0.000
20260901,1000,2000.000,16,4,3,16,0.100,16,4,replication,2459,19060,22574,0.000,0.000,0.000
20260901,1000,2000.000,16,4,3,16,0.100,16,4,codedllm,14836,25680,28611,51.600,0.000,51.600
20260901,1000,2000.000,16,8,3,16,0.100,1,2,wait,20555,27432,30020,0.000,0.000,0.000
20260901,1000,2000.000,16,8,3,16,0.100,1,2,replication,2472,19462,22913,0.000,0.000,0.000
20260901,1000,2000.000,16,8,3,16,0.100,1,2,codedllm,18064,26691,29616,27.800,60.900,27.800
20260901,1000,2000.000,16,8,3,16,0.100,1,4,wait,20555,27432,30020,0.000,0.000,0.000
20260901,1000,2000.000,16,8,3,16,0.100,1,4,replication,2472,19462,22913,0.000,0.000,0.000
20260901,1000,2000.000,16,8,3,16,0.100,1,4,codedllm,18064,26691,29616,27.800,60.900,27.800
20260901,1000,2000.000,16,8,3,16,0.100,4,2,wait,20555,27432,30020,0.000,0.000,0.000
20260901,1000,2000.000,16,8,3,16,0.100,4,2,replication,2472,19462,22913,0.000,0.000,0.000
20260901,1000,2000.000,16,8,3,16,0.100,4,2,codedllm,2784,24312,28018,70.100,0.000,70.100
20260901,1000,2000.000,16,8,3,16,0.100,4,4,wait,20555,27432,30020,0.000,0.000,0.000
20260901,1000,2000.000,16,8,3,16,0.100,4,4,replication,2472,19462,22913,0.000,0.000,0.000
20260901,1000,2000.000,16,8,3,16,0.100,4,4,codedllm,2783,24312,28018,70.100,0.000,70.100
20260901,1000,2000.000,16,8,3,16,0.100,16,2,wait,20555,27432,30020,0.000,0.000,0.000
20260901,1000,2000.000,16,8,3,16,0.100,16,2,replication,2472,19462,22913,0.000,0.000,0.000
20260901,1000,2000.000,16,8,3,16,0.100,16,2,codedllm,2784,24312,28018,70.100,0.000,70.100
20260901,1000,2000.000,16,8,3,16,0.100,16,4,wait,20555,27432,30020,0.000,0.000,0.000
20260901,1000,2000.000,16,8,3,16,0.100,16,4,replication,2472,19462,22913,0.000,0.000,0.000
20260901,1000,2000.000,16,8,3,16,0.100,16,4,codedllm,2783,24312,28018,70.100,0.000,70.100
20260902,1000,2000.000,16,4,3,16,0.010,1,2,wait,2722,21334,25591,0.000,0.000,0.000
20260902,1000,2000.000,16,4,3,16,0.010,1,2,replication,2331,2639,2783,0.000,0.000,0.000
20260902,1000,2000.000,16,4,3,16,0.010,1,2,codedllm,2672,20057,25487,22.300,43.100,22.300
20260902,1000,2000.000,16,4,3,16,0.010,1,4,wait,2722,21334,25591,0.000,0.000,0.000
20260902,1000,2000.000,16,4,3,16,0.010,1,4,replication,2331,2639,2783,0.000,0.000,0.000
20260902,1000,2000.000,16,4,3,16,0.010,1,4,codedllm,2672,20057,25487,22.300,43.100,22.300
20260902,1000,2000.000,16,4,3,16,0.010,4,2,wait,2722,21334,25591,0.000,0.000,0.000
20260902,1000,2000.000,16,4,3,16,0.010,4,2,replication,2331,2639,2783,0.000,0.000,0.000
20260902,1000,2000.000,16,4,3,16,0.010,4,2,codedllm,2634,17227,24795,39.600,0.000,39.600
20260902,1000,2000.000,16,4,3,16,0.010,4,4,wait,2722,21334,25591,0.000,0.000,0.000
20260902,1000,2000.000,16,4,3,16,0.010,4,4,replication,2331,2639,2783,0.000,0.000,0.000
20260902,1000,2000.000,16,4,3,16,0.010,4,4,codedllm,2634,17227,24795,39.600,0.000,39.600
20260902,1000,2000.000,16,4,3,16,0.010,16,2,wait,2722,21334,25591,0.000,0.000,0.000
20260902,1000,2000.000,16,4,3,16,0.010,16,2,replication,2331,2639,2783,0.000,0.000,0.000
20260902,1000,2000.000,16,4,3,16,0.010,16,2,codedllm,2634,17227,24795,39.600,0.000,39.600
20260902,1000,2000.000,16,4,3,16,0.010,16,4,wait,2722,21334,25591,0.000,0.000,0.000
20260902,1000,2000.000,16,4,3,16,0.010,16,4,replication,2331,2639,2783,0.000,0.000,0.000
20260902,1000,2000.000,16,4,3,16,0.010,16,4,codedllm,2634,17227,24795,39.600,0.000,39.600
20260902,1000,2000.000,16,8,3,16,0.010,1,2,wait,2730,21032,25762,0.000,0.000,0.000
20260902,1000,2000.000,16,8,3,16,0.010,1,2,replication,2332,2634,2845,0.000,0.000,0.000
20260902,1000,2000.000,16,8,3,16,0.010,1,2,codedllm,2630,20322,25487,30.700,61.700,30.700
20260902,1000,2000.000,16,8,3,16,0.010,1,4,wait,2730,21032,25762,0.000,0.000,0.000
20260902,1000,2000.000,16,8,3,16,0.010,1,4,replication,2332,2634,2845,0.000,0.000,0.000
20260902,1000,2000.000,16,8,3,16,0.010,1,4,codedllm,2630,20322,25487,30.700,61.700,30.700
20260902,1000,2000.000,16,8,3,16,0.010,4,2,wait,2730,21032,25762,0.000,0.000,0.000
20260902,1000,2000.000,16,8,3,16,0.010,4,2,replication,2332,2634,2845,0.000,0.000,0.000
20260902,1000,2000.000,16,8,3,16,0.010,4,2,codedllm,2487,2913,20458,76.000,0.000,76.000
20260902,1000,2000.000,16,8,3,16,0.010,4,4,wait,2730,21032,25762,0.000,0.000,0.000
20260902,1000,2000.000,16,8,3,16,0.010,4,4,replication,2332,2634,2845,0.000,0.000,0.000
20260902,1000,2000.000,16,8,3,16,0.010,4,4,codedllm,2487,2913,20458,76.200,0.000,76.200
20260902,1000,2000.000,16,8,3,16,0.010,16,2,wait,2730,21032,25762,0.000,0.000,0.000
20260902,1000,2000.000,16,8,3,16,0.010,16,2,replication,2332,2634,2845,0.000,0.000,0.000
20260902,1000,2000.000,16,8,3,16,0.010,16,2,codedllm,2487,2913,20458,76.000,0.000,76.000
20260902,1000,2000.000,16,8,3,16,0.010,16,4,wait,2730,21032,25762,0.000,0.000,0.000
20260902,1000,2000.000,16,8,3,16,0.010,16,4,replication,2332,2634,2845,0.000,0.000,0.000
20260902,1000,2000.000,16,8,3,16,0.010,16,4,codedllm,2487,2913,20458,76.200,0.000,76.200
20260902,1000,2000.000,16,4,3,16,0.050,1,2,wait,16271,25813,29313,0.000,0.000,0.000
20260902,1000,2000.000,16,4,3,16,0.050,1,2,replication,2400,2987,18997,0.000,0.000,0.000
20260902,1000,2000.000,16,4,3,16,0.050,1,2,codedllm,2945,25312,28091,24.100,49.400,24.100
20260902,1000,2000.000,16,4,3,16,0.050,1,4,wait,16271,25813,29313,0.000,0.000,0.000
20260902,1000,2000.000,16,4,3,16,0.050,1,4,replication,2400,2987,18997,0.000,0.000,0.000
20260902,1000,2000.000,16,4,3,16,0.050,1,4,codedllm,2945,25312,28091,24.100,49.400,24.100
20260902,1000,2000.000,16,4,3,16,0.050,4,2,wait,16271,25813,29313,0.000,0.000,0.000
20260902,1000,2000.000,16,4,3,16,0.050,4,2,replication,2400,2987,18997,0.000,0.000,0.000
20260902,1000,2000.000,16,4,3,16,0.050,4,2,codedllm,2783,24297,26839,43.900,0.000,43.900
20260902,1000,2000.000,16,4,3,16,0.050,4,4,wait,16271,25813,29313,0.000,0.000,0.000
20260902,1000,2000.000,16,4,3,16,0.050,4,4,replication,2400,2987,18997,0.000,0.000,0.000
20260902,1000,2000.000,16,4,3,16,0.050,4,4,codedllm,2783,24297,26839,43.900,0.000,43.900
20260902,1000,2000.000,16,4,3,16,0.050,16,2,wait,16271,25813,29313,0.000,0.000,0.000
20260902,1000,2000.000,16,4,3,16,0.050,16,2,replication,2400,2987,18997,0.000,0.000,0.000
20260902,1000,2000.000,16,4,3,16,0.050,16,2,codedllm,2783,24297,26839,43.900,0.000,43.900
20260902,1000,2000.000,16,4,3,16,0.050,16,4,wait,16271,25813,29313,0.000,0.000,0.000
20260902,1000,2000.000,16,4,3,16,0.050,16,4,replication,2400,2987,18997,0.000,0.000,0.000
20260902,1000,2000.000,16,4,3,16,0.050,16,4,codedllm,2783,24297,26839,43.900,0.000,43.900
20260902,1000,2000.000,16,8,3,16,0.050,1,2,wait,15598,25616,28834,0.000,0.000,0.000
20260902,1000,2000.000,16,8,3,16,0.050,1,2,replication,2404,2987,19473,0.000,0.000,0.000
20260902,1000,2000.000,16,8,3,16,0.050,1,2,codedllm,2779,24800,27724,31.300,62.700,31.300
20260902,1000,2000.000,16,8,3,16,0.050,1,4,wait,15598,25616,28834,0.000,0.000,0.000
20260902,1000,2000.000,16,8,3,16,0.050,1,4,replication,2404,2987,19473,0.000,0.000,0.000
20260902,1000,2000.000,16,8,3,16,0.050,1,4,codedllm,2779,24800,27724,31.300,62.700,31.300
20260902,1000,2000.000,16,8,3,16,0.050,4,2,wait,15598,25616,28834,0.000,0.000,0.000
20260902,1000,2000.000,16,8,3,16,0.050,4,2,replication,2404,2987,19473,0.000,0.000,0.000
20260902,1000,2000.000,16,8,3,16,0.050,4,2,codedllm,2545,19874,24752,78.600,0.000,78.600
20260902,1000,2000.000,16,8,3,16,0.050,4,4,wait,15598,25616,28834,0.000,0.000,0.000
20260902,1000,2000.000,16,8,3,16,0.050,4,4,replication,2404,2987,19473,0.000,0.000,0.000
20260902,1000,2000.000,16,8,3,16,0.050,4,4,codedllm,2544,19874,24752,78.600,0.000,78.600
20260902,1000,2000.000,16,8,3,16,0.050,16,2,wait,15598,25616,28834,0.000,0.000,0.000
20260902,1000,2000.000,16,8,3,16,0.050,16,2,replication,2404,2987,19473,0.000,0.000,0.000
20260902,1000,2000.000,16,8,3,16,0.050,16,2,codedllm,2545,19874,24752,78.600,0.000,78.600
20260902,1000,2000.000,16,8,3,16,0.050,16,4,wait,15598,25616,28834,0.000,0.000,0.000
20260902,1000,2000.000,16,8,3,16,0.050,16,4,replication,2404,2987,19473,0.000,0.000,0.000
20260902,1000,2000.000,16,8,3,16,0.050,16,4,codedllm,2544,19874,24752,78.600,0.000,78.600
20260902,1000,2000.000,16,4,3,16,0.100,1,2,wait,20791,27157,29064,0.000,0.000,0.000
20260902,1000,2000.000,16,4,3,16,0.100,1,2,replication,2477,19294,22225,0.000,0.000,0.000
20260902,1000,2000.000,16,4,3,16,0.100,1,2,codedllm,19328,26486,28921,25.000,51.100,25.000
20260902,1000,2000.000,16,4,3,16,0.100,1,4,wait,20791,27157,29064,0.000,0.000,0.000
20260902,1000,2000.000,16,4,3,16,0.100,1,4,replication,2477,19294,22225,0.000,0.000,0.000
20260902,1000,2000.000,16,4,3,16,0.100,1,4,codedllm,19328,26486,28921,25.000,51.100,25.000
20260902,1000,2000.000,16,4,3,16,0.100,4,2,wait,20791,27157,29064,0.000,0.000,0.000
20260902,1000,2000.000,16,4,3,16,0.100,4,2,replication,2477,19294,22225,0.000,0.000,0.000
20260902,1000,2000.000,16,4,3,16,0.100,4,2,codedllm,15875,25948,28628,50.500,0.000,50.500
20260902,1000,2000.000,16,4,3,16,0.100,4,4,wait,20791,27157,29064,0.000,0.000,0.000
20260902,1000,2000.000,16,4,3,16,0.100,4,4,replication,2477,19294,22225,0.000,0.000,0.000
20260902,1000,2000.000,16,4,3,16,0.100,4,4,codedllm,15875,25948,28628,50.500,0.000,50.500
20260902,1000,2000.000,16,4,3,16,0.100,16,2,wait,20791,27157,29064,0.000,0.000,0.000
20260902,1000,2000.000,16,4,3,16,0.100,16,2,replication,2477,19294,22225,0.000,0.000,0.000
20260902,1000,2000.000,16,4,3,16,0.100,16,2,codedllm,15875,25948,28628,50.500,0.000,50.500
20260902,1000,2000.000,16,4,3,16,0.100,16,4,wait,20791,27157,29064,0.000,0.000,0.000
20260902,1000,2000.000,16,4,3,16,0.100,16,4,replication,2477,19294,22225,0.000,0.000,0.000
20260902,1000,2000.000,16,4,3,16,0.100,16,4,codedllm,15875,25948,28628,50.500,0.000,50.500
20260902,1000,2000.000,16,8,3,16,0.100,1,2,wait,20842,26744,28892,0.000,0.000,0.000
20260902,1000,2000.000,16,8,3,16,0.100,1,2,replication,2479,19132,22594,0.000,0.000,0.000
20260902,1000,2000.000,16,8,3,16,0.100,1,2,codedllm,17568,26101,28447,31.200,62.700,31.200
20260902,1000,2000.000,16,8,3,16,0.100,1,4,wait,20842,26744,28892,0.000,0.000,0.000
20260902,1000,2000.000,16,8,3,16,0.100,1,4,replication,2479,19132,22594,0.000,0.000,0.000
20260902,1000,2000.000,16,8,3,16,0.100,1,4,codedllm,17568,26101,28447,31.200,62.700,31.200
20260902,1000,2000.000,16,8,3,16,0.100,4,2,wait,20842,26744,28892,0.000,0.000,0.000
20260902,1000,2000.000,16,8,3,16,0.100,4,2,replication,2479,19132,22594,0.000,0.000,0.000
20260902,1000,2000.000,16,8,3,16,0.100,4,2,codedllm,2668,23485,26587,80.700,0.000,80.700
20260902,1000,2000.000,16,8,3,16,0.100,4,4,wait,20842,26744,28892,0.000,0.000,0.000
20260902,1000,2000.000,16,8,3,16,0.100,4,4,replication,2479,19132,22594,0.000,0.000,0.000
20260902,1000,2000.000,16,8,3,16,0.100,4,4,codedllm,2668,23485,26587,80.700,0.000,80.700
20260902,1000,2000.000,16,8,3,16,0.100,16,2,wait,20842,26744,28892,0.000,0.000,0.000
20260902,1000,2000.000,16,8,3,16,0.100,16,2,replication,2479,19132,22594,0.000,0.000,0.000
20260902,1000,2000.000,16,8,3,16,0.100,16,2,codedllm,2668,23485,26587,80.700,0.000,80.700
20260902,1000,2000.000,16,8,3,16,0.100,16,4,wait,20842,26744,28892,0.000,0.000,0.000
20260902,1000,2000.000,16,8,3,16,0.100,16,4,replication,2479,19132,22594,0.000,0.000,0.000
20260902,1000,2000.000,16,8,3,16,0.100,16,4,codedllm,2668,23485,26587,80.700,0.000,80.700
20260903,1000,2000.000,16,4,3,16,0.010,1,2,wait,2756,21723,25682,0.000,0.000,0.000
20260903,1000,2000.000,16,4,3,16,0.010,1,2,replication,2345,2663,2873,0.000,0.000,0.000
20260903,1000,2000.000,16,4,3,16,0.010,1,2,codedllm,2661,19712,25039,26.400,50.400,26.400
20260903,1000,2000.000,16,4,3,16,0.010,1,4,wait,2756,21723,25682,0.000,0.000,0.000
20260903,1000,2000.000,16,4,3,16,0.010,1,4,replication,2345,2663,2873,0.000,0.000,0.000
20260903,1000,2000.000,16,4,3,16,0.010,1,4,codedllm,2661,19712,25039,26.400,50.400,26.400
20260903,1000,2000.000,16,4,3,16,0.010,4,2,wait,2756,21723,25682,0.000,0.000,0.000
20260903,1000,2000.000,16,4,3,16,0.010,4,2,replication,2345,2663,2873,0.000,0.000,0.000
20260903,1000,2000.000,16,4,3,16,0.010,4,2,codedllm,2607,10398,23131,52.100,0.000,52.100
20260903,1000,2000.000,16,4,3,16,0.010,4,4,wait,2756,21723,25682,0.000,0.000,0.000
20260903,1000,2000.000,16,4,3,16,0.010,4,4,replication,2345,2663,2873,0.000,0.000,0.000
20260903,1000,2000.000,16,4,3,16,0.010,4,4,codedllm,2606,10398,23131,52.200,0.000,52.200
20260903,1000,2000.000,16,4,3,16,0.010,16,2,wait,2756,21723,25682,0.000,0.000,0.000
20260903,1000,2000.000,16,4,3,16,0.010,16,2,replication,2345,2663,2873,0.000,0.000,0.000
20260903,1000,2000.000,16,4,3,16,0.010,16,2,codedllm,2607,10398,23131,52.100,0.000,52.100
20260903,1000,2000.000,16,4,3,16,0.010,16,4,wait,2756,21723,25682,0.000,0.000,0.000
20260903,1000,2000.000,16,4,3,16,0.010,16,4,replication,2345,2663,2873,0.000,0.000,0.000
20260903,1000,2000.000,16,4,3,16,0.010,16,4,codedllm,2606,10398,23131,52.200,0.000,52.200
20260903,1000,2000.000,16,8,3,16,0.010,1,2,wait,2753,21734,25664,0.000,0.000,0.000
20260903,1000,2000.000,16,8,3,16,0.010,1,2,replication,2336,2645,2929,0.000,0.000,0.000
20260903,1000,2000.000,16,8,3,16,0.010,1,2,codedllm,2654,19759,24927,27.400,56.700,27.400
20260903,1000,2000.000,16,8,3,16,0.010,1,4,wait,2753,21734,25664,0.000,0.000,0.000
20260903,1000,2000.000,16,8,3,16,0.010,1,4,replication,2336,2645,2929,0.000,0.000,0.000
20260903,1000,2000.000,16,8,3,16,0.010,1,4,codedllm,2654,19759,24927,27.400,56.700,27.400
20260903,1000,2000.000,16,8,3,16,0.010,4,2,wait,2753,21734,25664,0.000,0.000,0.000
20260903,1000,2000.000,16,8,3,16,0.010,4,2,replication,2336,2645,2929,0.000,0.000,0.000
20260903,1000,2000.000,16,8,3,16,0.010,4,2,codedllm,2548,3234,23912,60.700,0.000,60.700
20260903,1000,2000.000,16,8,3,16,0.010,4,4,wait,2753,21734,25664,0.000,0.000,0.000
20260903,1000,2000.000,16,8,3,16,0.010,4,4,replication,2336,2645,2929,0.000,0.000,0.000
20260903,1000,2000.000,16,8,3,16,0.010,4,4,codedllm,2548,3234,23912,60.900,0.000,60.900
20260903,1000,2000.000,16,8,3,16,0.010,16,2,wait,2753,21734,25664,0.000,0.000,0.000
20260903,1000,2000.000,16,8,3,16,0.010,16,2,replication,2336,2645,2929,0.000,0.000,0.000
20260903,1000,2000.000,16,8,3,16,0.010,16,2,codedllm,2548,3234,23912,60.700,0.000,60.700
20260903,1000,2000.000,16,8,3,16,0.010,16,4,wait,2753,21734,25664,0.000,0.000,0.000
20260903,1000,2000.000,16,8,3,16,0.010,16,4,replication,2336,2645,2929,0.000,0.000,0.000
20260903,1000,2000.000,16,8,3,16,0.010,16,4,codedllm,2548,3234,23912,60.900,0.000,60.900
20260903,1000,2000.000,16,4,3,16,0.050,1,2,wait,16460,26096,29069,0.000,0.000,0.000
20260903,1000,2000.000,16,4,3,16,0.050,1,2,replication,2382,2860,19786,0.000,0.000,0.000
20260903,1000,2000.000,16,4,3,16,0.050,1,2,codedllm,2927,25309,28191,28.600,58.700,28.600
20260903,1000,2000.000,16,4,3,16,0.050,1,4,wait,16460,26096,29069,0.000,0.000,0.000
20260903,1000,2000.000,16,4,3,16,0.050,1,4,replication,2382,2860,19786,0.000,0.000,0.000
20260903,1000,2000.000,16,4,3,16,0.050,1,4,codedllm,2927,25309,28191,28.600,58.700,28.600
20260903,1000,2000.000,16,4,3,16,0.050,4,2,wait,16460,26096,29069,0.000,0.000,0.000
20260903,1000,2000.000,16,4,3,16,0.050,4,2,replication,2382,2860,19786,0.000,0.000,0.000
20260903,1000,2000.000,16,4,3,16,0.050,4,2,codedllm,2711,22252,26613,66.200,0.000,66.200
20260903,1000,2000.000,16,4,3,16,0.050,4,4,wait,16460,26096,29069,0.000,0.000,0.000
20260903,1000,2000.000,16,4,3,16,0.050,4,4,replication,2382,2860,19786,0.000,0.000,0.000
20260903,1000,2000.000,16,4,3,16,0.050,4,4,codedllm,2710,22252,26613,66.200,0.000,66.200
20260903,1000,2000.000,16,4,3,16,0.050,16,2,wait,16460,26096,29069,0.000,0.000,0.000
20260903,1000,2000.000,16,4,3,16,0.050,16,2,replication,2382,2860,19786,0.000,0.000,0.000
20260903,1000,2000.000,16,4,3,16,0.050,16,2,codedllm,2711,22252,26613,66.200,0.000,66.200
20260903,1000,2000.000,16,4,3,16,0.050,16,4,wait,16460,26096,29069,0.000,0.000,0.000
20260903,1000,2000.000,16,4,3,16,0.050,16,4,replication,2382,2860,19786,0.000,0.000,0.000
20260903,1000,2000.000,16,4,3,16,0.050,16,4,codedllm,2710,22252,26613,66.200,0.000,66.200
20260903,1000,2000.000,16,8,3,16,0.050,1,2,wait,16635,26284,29067,0.000,0.000,0.000
20260903,1000,2000.000,16,8,3,16,0.050,1,2,replication,2377,2882,18707,0.000,0.000,0.000
20260903,1000,2000.000,16,8,3,16,0.050,1,2,codedllm,2871,25859,29050,27.800,59.700,27.800
20260903,1000,2000.000,16,8,3,16,0.050,1,4,wait,16635,26284,29067,0.000,0.000,0.000
20260903,1000,2000.000,16,8,3,16,0.050,1,4,replication,2377,2882,18707,0.000,0.000,0.000
20260903,1000,2000.000,16,8,3,16,0.050,1,4,codedllm,2871,25859,29050,27.800,59.700,27.800
20260903,1000,2000.000,16,8,3,16,0.050,4,2,wait,16635,26284,29067,0.000,0.000,0.000
20260903,1000,2000.000,16,8,3,16,0.050,4,2,replication,2377,2882,18707,0.000,0.000,0.000
20260903,1000,2000.000,16,8,3,16,0.050,4,2,codedllm,2654,22556,26731,64.600,0.000,64.600
20260903,1000,2000.000,16,8,3,16,0.050,4,4,wait,16635,26284,29067,0.000,0.000,0.000
20260903,1000,2000.000,16,8,3,16,0.050,4,4,replication,2377,2882,18707,0.000,0.000,0.000
20260903,1000,2000.000,16,8,3,16,0.050,4,4,codedllm,2654,22556,26731,64.600,0.000,64.600
20260903,1000,2000.000,16,8,3,16,0.050,16,2,wait,16635,26284,29067,0.000,0.000,0.000
20260903,1000,2000.000,16,8,3,16,0.050,16,2,replication,2377,2882,18707,0.000,0.000,0.000
20260903,1000,2000.000,16,8,3,16,0.050,16,2,codedllm,2654,22556,26731,64.600,0.000,64.600
20260903,1000,2000.000,16,8,3,16,0.050,16,4,wait,16635,26284,29067,0.000,0.000,0.000
20260903,1000,2000.000,16,8,3,16,0.050,16,4,replication,2377,2882,18707,0.000,0.000,0.000
20260903,1000,2000.000,16,8,3,16,0.050,16,4,codedllm,2654,22556,26731,64.600,0.000,64.600
20260903,1000,2000.000,16,4,3,16,0.100,1,2,wait,20450,27244,30063,0.000,0.000,0.000
20260903,1000,2000.000,16,4,3,16,0.100,1,2,replication,2461,19071,23543,0.000,0.000,0.000
20260903,1000,2000.000,16,4,3,16,0.100,1,2,codedllm,18081,26603,29261,29.100,56.500,29.100
20260903,1000,2000.000,16,4,3,16,0.100,1,4,wait,20450,27244,30063,0.000,0.000,0.000
20260903,1000,2000.000,16,4,3,16,0.100,1,4,replication,2461,19071,23543,0.000,0.000,0.000
20260903,1000,2000.000,16,4,3,16,0.100,1,4,codedllm,18081,26603,29261,29.100,56.500,29.100
20260903,1000,2000.000,16,4,3,16,0.100,4,2,wait,20450,27244,30063,0.000,0.000,0.000
20260903,1000,2000.000,16,4,3,16,0.100,4,2,replication,2461,19071,23543,0.000,0.000,0.000
20260903,1000,2000.000,16,4,3,16,0.100,4,2,codedllm,3168,24907,26935,65.600,0.000,65.600
20260903,1000,2000.000,16,4,3,16,0.100,4,4,wait,20450,27244,30063,0.000,0.000,0.000
20260903,1000,2000.000,16,4,3,16,0.100,4,4,replication,2461,19071,23543,0.000,0.000,0.000
20260903,1000,2000.000,16,4,3,16,0.100,4,4,codedllm,3168,24907,26935,65.600,0.000,65.600
20260903,1000,2000.000,16,4,3,16,0.100,16,2,wait,20450,27244,30063,0.000,0.000,0.000
20260903,1000,2000.000,16,4,3,16,0.100,16,2,replication,2461,19071,23543,0.000,0.000,0.000
20260903,1000,2000.000,16,4,3,16,0.100,16,2,codedllm,3168,24907,26935,65.600,0.000,65.600
20260903,1000,2000.000,16,4,3,16,0.100,16,4,wait,20450,27244,30063,0.000,0.000,0.000
20260903,1000,2000.000,16,4,3,16,0.100,16,4,replication,2461,19071,23543,0.000,0.000,0.000
20260903,1000,2000.000,16,4,3,16,0.100,16,4,codedllm,3168,24907,26935,65.600,0.000,65.600
20260903,1000,2000.000,16,8,3,16,0.100,1,2,wait,20539,27244,30028,0.000,0.000,0.000
20260903,1000,2000.000,16,8,3,16,0.100,1,2,replication,2468,18534,22836,0.000,0.000,0.000
20260903,1000,2000.000,16,8,3,16,0.100,1,2,codedllm,17804,26850,29795,29.400,58.100,29.400
20260903,1000,2000.000,16,8,3,16,0.100,1,4,wait,20539,27244,30028,0.000,0.000,0.000
20260903,1000,2000.000,16,8,3,16,0.100,1,4,replication,2468,18534,22836,0.000,0.000,0.000
20260903,1000,2000.000,16,8,3,16,0.100,1,4,codedllm,17804,26850,29795,29.400,58.100,29.400
20260903,1000,2000.000,16,8,3,16,0.100,4,2,wait,20539,27244,30028,0.000,0.000,0.000
20260903,1000,2000.000,16,8,3,16,0.100,4,2,replication,2468,18534,22836,0.000,0.000,0.000
20260903,1000,2000.000,16,8,3,16,0.100,4,2,codedllm,2843,24441,27409,69.700,0.000,69.700
20260903,1000,2000.000,16,8,3,16,0.100,4,4,wait,20539,27244,30028,0.000,0.000,0.000
20260903,1000,2000.000,16,8,3,16,0.100,4,4,replication,2468,18534,22836,0.000,0.000,0.000
20260903,1000,2000.000,16,8,3,16,0.100,4,4,codedllm,2843,24441,27409,69.700,0.000,69.700
20260903,1000,2000.000,16,8,3,16,0.100,16,2,wait,20539,27244,30028,0.000,0.000,0.000
20260903,1000,2000.000,16,8,3,16,0.100,16,2,replication,2468,18534,22836,0.000,0.000,0.000
20260903,1000,2000.000,16,8,3,16,0.100,16,2,codedllm,2843,24441,27409,69.700,0.000,69.700
20260903,1000,2000.000,16,8,3,16,0.100,16,4,wait,20539,27244,30028,0.000,0.000,0.000
20260903,1000,2000.000,16,8,3,16,0.100,16,4,replication,2468,18534,22836,0.000,0.000,0.000
20260903,1000,2000.000,16,8,3,16,0.100,16,4,codedllm,2843,24441,27409,69.700,0.000,69.700
20260904,1000,2000.000,16,4,3,16,0.010,1,2,wait,2734,22337,26761,0.000,0.000,0.000
20260904,1000,2000.000,16,4,3,16,0.010,1,2,replication,2341,2674,2850,0.000,0.000,0.000
20260904,1000,2000.000,16,4,3,16,0.010,1,2,codedllm,2666,19863,24943,23.800,51.400,23.800
20260904,1000,2000.000,16,4,3,16,0.010,1,4,wait,2734,22337,26761,0.000,0.000,0.000
20260904,1000,2000.000,16,4,3,16,0.010,1,4,replication,2341,2674,2850,0.000,0.000,0.000
20260904,1000,2000.000,16,4,3,16,0.010,1,4,codedllm,2666,19863,24943,23.800,51.400,23.800
20260904,1000,2000.000,16,4,3,16,0.010,4,2,wait,2734,22337,26761,0.000,0.000,0.000
20260904,1000,2000.000,16,4,3,16,0.010,4,2,replication,2341,2674,2850,0.000,0.000,0.000
20260904,1000,2000.000,16,4,3,16,0.010,4,2,codedllm,2615,14420,23866,47.900,0.000,47.900
20260904,1000,2000.000,16,4,3,16,0.010,4,4,wait,2734,22337,26761,0.000,0.000,0.000
20260904,1000,2000.000,16,4,3,16,0.010,4,4,replication,2341,2674,2850,0.000,0.000,0.000
20260904,1000,2000.000,16,4,3,16,0.010,4,4,codedllm,2615,14420,23866,47.900,0.000,47.900
20260904,1000,2000.000,16,4,3,16,0.010,16,2,wait,2734,22337,26761,0.000,0.000,0.000
20260904,1000,2000.000,16,4,3,16,0.010,16,2,replication,2341,2674,2850,0.000,0.000,0.000
20260904,1000,2000.000,16,4,3,16,0.010,16,2,codedllm,2615,14420,23866,47.900,0.000,47.900
20260904,1000,2000.000,16,4,3,16,0.010,16,4,wait,2734,22337,26761,0.000,0.000,0.000
20260904,1000,2000.000,16,4,3,16,0.010,16,4,replication,2341,2674,2850,0.000,0.000,0.000
20260904,1000,2000.000,16,4,3,16,0.010,16,4,codedllm,2615,14420,23866,47.900,0.000,47.900
20260904,1000,2000.000,16,8,3,16,0.010,1,2,wait,2738,22280,27464,0.000,0.000,0.000
20260904,1000,2000.000,16,8,3,16,0.010,1,2,replication,2346,2670,2851,0.000,0.000,0.000
20260904,1000,2000.000,16,8,3,16,0.010,1,2,codedllm,2636,20307,26500,28.200,59.800,28.200
20260904,1000,2000.000,16,8,3,16,0.010,1,4,wait,2738,22280,27464,0.000,0.000,0.000
20260904,1000,2000.000,16,8,3,16,0.010,1,4,replication,2346,2670,2851,0.000,0.000,0.000
20260904,1000,2000.000,16,8,3,16,0.010,1,4,codedllm,2636,20307,26500,28.200,59.800,28.200
20260904,1000,2000.000,16,8,3,16,0.010,4,2,wait,2738,22280,27464,0.000,0.000,0.000
20260904,1000,2000.000,16,8,3,16,0.010,4,2,replication,2346,2670,2851,0.000,0.000,0.000
20260904,1000,2000.000,16,8,3,16,0.010,4,2,codedllm,2527,3148,22630,64.700,0.000,64.700
20260904,1000,2000.000,16,8,3,16,0.010,4,4,wait,2738,22280,27464,0.000,0.000,0.000
20260904,1000,2000.000,16,8,3,16,0.010,4,4,replication,2346,2670,2851,0.000,0.000,0.000
20260904,1000,2000.000,16,8,3,16,0.010,4,4,codedllm,2527,3148,22630,64.800,0.000,64.800
20260904,1000,2000.000,16,8,3,16,0.010,16,2,wait,2738,22280,27464,0.000,0.000,0.000
20260904,1000,2000.000,16,8,3,16,0.010,16,2,replication,2346,2670,2851,0.000,0.000,0.000
20260904,1000,2000.000,16,8,3,16,0.010,16,2,codedllm,2527,3148,22630,64.700,0.000,64.700
20260904,1000,2000.000,16,8,3,16,0.010,16,4,wait,2738,22280,27464,0.000,0.000,0.000
20260904,1000,2000.000,16,8,3,16,0.010,16,4,replication,2346,2670,2851,0.000,0.000,0.000
20260904,1000,2000.000,16,8,3,16,0.010,16,4,codedllm,2527,3148,22630,64.800,0.000,64.800
20260904,1000,2000.000,16,4,3,16,0.050,1,2,wait,15553,25896,29282,0.000,0.000,0.000
20260904,1000,2000.000,16,4,3,16,0.050,1,2,replication,2387,2924,17788,0.000,0.000,0.000
20260904,1000,2000.000,16,4,3,16,0.050,1,2,codedllm,2924,24712,28292,25.800,54.200,25.800
20260904,1000,2000.000,16,4,3,16,0.050,1,4,wait,15553,25896,29282,0.000,0.000,0.000
20260904,1000,2000.000,16,4,3,16,0.050,1,4,replication,2387,2924,17788,0.000,0.000,0.000
20260904,1000,2000.000,16,4,3,16,0.050,1,4,codedllm,2924,24712,28292,25.800,54.200,25.800
20260904,1000,2000.000,16,4,3,16,0.050,4,2,wait,15553,25896,29282,0.000,0.000,0.000
20260904,1000,2000.000,16,4,3,16,0.050,4,2,replication,2387,2924,17788,0.000,0.000,0.000
20260904,1000,2000.000,16,4,3,16,0.050,4,2,codedllm,2738,23580,27429,56.200,0.300,56.200
20260904,1000,2000.000,16,4,3,16,0.050,4,4,wait,15553,25896,29282,0.000,0.000,0.000
20260904,1000,2000.000,16,4,3,16,0.050,4,4,replication,2387,2924,17788,0.000,0.000,0.000
20260904,1000,2000.000,16,4,3,16,0.050,4,4,codedllm,2738,23580,27429,56.200,0.300,56.200
20260904,1000,2000.000,16,4,3,16,0.050,16,2,wait,15553,25896,29282,0.000,0.000,0.000
20260904,1000,2000.000,16,4,3,16,0.050,16,2,replication,2387,2924,17788,0.000,0.000,0.000
20260904,1000,2000.000,16,4,3,16,0.050,16,2,codedllm,2737,23580,27429,56.500,0.000,56.500
20260904,1000,2000.000,16,4,3,16,0.050,16,4,wait,15553,25896,29282,0.000,0.000,0.000
20260904,1000,2000.000,16,4,3,16,0.050,16,4,replication,2387,2924,17788,0.000,0.000,0.000
20260904,1000,2000.000,16,4,3,16,0.050,16,4,codedllm,2737,23580,27429,56.500,0.000,56.500
20260904,1000,2000.000,16,8,3,16,0.050,1,2,wait,16010,26062,29185,0.000,0.000,0.000
20260904,1000,2000.000,16,8,3,16,0.050,1,2,replication,2389,2906,17444,0.000,0.000,0.000
20260904,1000,2000.000,16,8,3,16,0.050,1,2,codedllm,2830,25020,28028,30.100,61.300,30.100
20260904,1000,2000.000,16,8,3,16,0.050,1,4,wait,16010,26062,29185,0.000,0.000,0.000
20260904,1000,2000.000,16,8,3,16,0.050,1,4,replication,2389,2906,17444,0.000,0.000,0.000
20260904,1000,2000.000,16,8,3,16,0.050,1,4,codedllm,2830,25020,28028,30.100,61.300,30.100
20260904,1000,2000.000,16,8,3,16,0.050,4,2,wait,16010,26062,29185,0.000,0.000,0.000
20260904,1000,2000.000,16,8,3,16,0.050,4,2,replication,2389,2906,17444,0.000,0.000,0.000
20260904,1000,2000.000,16,8,3,16,0.050,4,2,codedllm,2592,21875,26706,74.200,0.000,74.200
20260904,1000,2000.000,16,8,3,16,0.050,4,4,wait,16010,26062,29185,0.000,0.000,0.000
20260904,1000,2000.000,16,8,3,16,0.050,4,4,replication,2389,2906,17444,0.000,0.000,0.000
20260904,1000,2000.000,16,8,3,16,0.050,4,4,codedllm,2592,21875,26706,74.200,0.100,74.200
20260904,1000,2000.000,16,8,3,16,0.050,16,2,wait,16010,26062,29185,0.000,0.000,0.000
20260904,1000,2000.000,16,8,3,16,0.050,16,2,replication,2389,2906,17444,0.000,0.000,0.000
20260904,1000,2000.000,16,8,3,16,0.050,16,2,codedllm,2592,21875,26706,74.200,0.000,74.200
20260904,1000,2000.000,16,8,3,16,0.050,16,4,wait,16010,26062,29185,0.000,0.000,0.000
20260904,1000,2000.000,16,8,3,16,0.050,16,4,replication,2389,2906,17444,0.000,0.000,0.000
20260904,1000,2000.000,16,8,3,16,0.050,16,4,codedllm,2592,21875,26706,74.300,0.000,74.300
20260904,1000,2000.000,16,4,3,16,0.100,1,2,wait,20786,27366,29923,0.000,0.000,0.000
20260904,1000,2000.000,16,4,3,16,0.100,1,2,replication,2473,19149,23355,0.000,0.000,0.000
20260904,1000,2000.000,16,4,3,16,0.100,1,2,codedllm,18500,26657,29561,29.200,54.500,29.200
20260904,1000,2000.000,16,4,3,16,0.100,1,4,wait,20786,27366,29923,0.000,0.000,0.000
20260904,1000,2000.000,16,4,3,16,0.100,1,4,replication,2473,19149,23355,0.000,0.000,0.000
20260904,1000,2000.000,16,4,3,16,0.100,1,4,codedllm,18500,26657,29561,29.200,54.500,29.200
20260904,1000,2000.000,16,4,3,16,0.100,4,2,wait,20786,27366,29923,0.000,0.000,0.000
20260904,1000,2000.000,16,4,3,16,0.100,4,2,replication,2473,19149,23355,0.000,0.000,0.000
20260904,1000,2000.000,16,4,3,16,0.100,4,2,codedllm,11741,24863,27822,62.400,0.000,62.400
20260904,1000,2000.000,16,4,3,16,0.100,4,4,wait,20786,27366,29923,0.000,0.000,0.000
20260904,1000,2000.000,16,4,3,16,0.100,4,4,replication,2473,19149,23355,0.000,0.000,0.000
20260904,1000,2000.000,16,4,3,16,0.100,4,4,codedllm,11741,24863,27822,62.400,0.000,62.400
20260904,1000,2000.000,16,4,3,16,0.100,16,2,wait,20786,27366,29923,0.000,0.000,0.000
20260904,1000,2000.000,16,4,3,16,0.100,16,2,replication,2473,19149,23355,0.000,0.000,0.000
20260904,1000,2000.000,16,4,3,16,0.100,16,2,codedllm,11741,24863,27822,62.400,0.000,62.400
20260904,1000,2000.000,16,4,3,16,0.100,16,4,wait,20786,27366,29923,0.000,0.000,0.000
20260904,1000,2000.000,16,4,3,16,0.100,16,4,replication,2473,19149,23355,0.000,0.000,0.000
20260904,1000,2000.000,16,4,3,16,0.100,16,4,codedllm,11741,24863,27822,62.400,0.000,62.400
20260904,1000,2000.000,16,8,3,16,0.100,1,2,wait,20906,27806,30252,0.000,0.000,0.000
20260904,1000,2000.000,16,8,3,16,0.100,1,2,replication,2486,19219,22646,0.000,0.000,0.000
20260904,1000,2000.000,16,8,3,16,0.100,1,2,codedllm,17816,26954,29727,30.400,59.900,30.400
20260904,1000,2000.000,16,8,3,16,0.100,1,4,wait,20906,27806,30252,0.000,0.000,0.000
20260904,1000,2000.000,16,8,3,16,0.100,1,4,replication,2486,19219,22646,0.000,0.000,0.000
20260904,1000,2000.000,16,8,3,16,0.100,1,4,codedllm,17816,26954,29727,30.400,59.900,30.400
20260904,1000,2000.000,16,8,3,16,0.100,4,2,wait,20906,27806,30252,0.000,0.000,0.000
20260904,1000,2000.000,16,8,3,16,0.100,4,2,replication,2486,19219,22646,0.000,0.000,0.000
20260904,1000,2000.000,16,8,3,16,0.100,4,2,codedllm,2734,23526,27806,76.700,0.200,76.700
20260904,1000,2000.000,16,8,3,16,0.100,4,4,wait,20906,27806,30252,0.000,0.000,0.000
20260904,1000,2000.000,16,8,3,16,0.100,4,4,replication,2486,19219,22646,0.000,0.000,0.000
20260904,1000,2000.000,16,8,3,16,0.100,4,4,codedllm,2734,23526,27806,76.700,0.200,76.700
20260904,1000,2000.000,16,8,3,16,0.100,16,2,wait,20906,27806,30252,0.000,0.000,0.000
20260904,1000,2000.000,16,8,3,16,0.100,16,2,replication,2486,19219,22646,0.000,0.000,0.000
20260904,1000,2000.000,16,8,3,16,0.100,16,2,codedllm,2734,23434,27806,76.900,0.000,76.900
20260904,1000,2000.000,16,8,3,16,0.100,16,4,wait,20906,27806,30252,0.000,0.000,0.000
20260904,1000,2000.000,16,8,3,16,0.100,16,4,replication,2486,19219,22646,0.000,0.000,0.000
20260904,1000,2000.000,16,8,3,16,0.100,16,4,codedllm,2732,23434,27806,76.900,0.000,76.900
20260905,1000,2000.000,16,4,3,16,0.010,1,2,wait,2728,21070,25387,0.000,0.000,0.000
20260905,1000,2000.000,16,4,3,16,0.010,1,2,replication,2337,2697,2957,0.000,0.000,0.000
20260905,1000,2000.000,16,4,3,16,0.010,1,2,codedllm,2667,19531,25063,23.300,50.100,23.300
20260905,1000,2000.000,16,4,3,16,0.010,1,4,wait,2728,21070,25387,0.000,0.000,0.000
20260905,1000,2000.000,16,4,3,16,0.010,1,4,replication,2337,2697,2957,0.000,0.000,0.000
20260905,1000,2000.000,16,4,3,16,0.010,1,4,codedllm,2667,19531,25063,23.300,50.100,23.300
20260905,1000,2000.000,16,4,3,16,0.010,4,2,wait,2728,21070,25387,0.000,0.000,0.000
20260905,1000,2000.000,16,4,3,16,0.010,4,2,replication,2337,2697,2957,0.000,0.000,0.000
20260905,1000,2000.000,16,4,3,16,0.010,4,2,codedllm,2612,15140,24107,44.000,0.000,44.000
20260905,1000,2000.000,16,4,3,16,0.010,4,4,wait,2728,21070,25387,0.000,0.000,0.000
20260905,1000,2000.000,16,4,3,16,0.010,4,4,replication,2337,2697,2957,0.000,0.000,0.000
20260905,1000,2000.000,16,4,3,16,0.010,4,4,codedllm,2612,15140,24107,44.100,0.000,44.100
20260905,1000,2000.000,16,4,3,16,0.010,16,2,wait,2728,21070,25387,0.000,0.000,0.000
20260905,1000,2000.000,16,4,3,16,0.010,16,2,replication,2337,2697,2957,0.000,0.000,0.000
20260905,1000,2000.000,16,4,3,16,0.010,16,2,codedllm,2612,15140,24107,44.000,0.000,44.000
20260905,1000,2000.000,16,4,3,16,0.010,16,4,wait,2728,21070,25387,0.000,0.000,0.000
20260905,1000,2000.000,16,4,3,16,0.010,16,4,replication,2337,2697,2957,0.000,0.000,0.000
20260905,1000,2000.000,16,4,3,16,0.010,16,4,codedllm,2612,15140,24107,44.100,0.000,44.100
20260905,1000,2000.000,16,8,3,16,0.010,1,2,wait,2734,21308,25074,0.000,0.000,0.000
20260905,1000,2000.000,16,8,3,16,0.010,1,2,replication,2338,2698,2933,0.000,0.000,0.000
20260905,1000,2000.000,16,8,3,16,0.010,1,2,codedllm,2631,19168,24872,26.700,60.100,26.700
20260905,1000,2000.000,16,8,3,16,0.010,1,4,wait,2734,21308,25074,0.000,0.000,0.000
20260905,1000,2000.000,16,8,3,16,0.010,1,4,replication,2338,2698,2933,0.000,0.000,0.000
20260905,1000,2000.000,16,8,3,16,0.010,1,4,codedllm,2631,19168,24872,26.700,60.100,26.700
20260905,1000,2000.000,16,8,3,16,0.010,4,2,wait,2734,21308,25074,0.000,0.000,0.000
20260905,1000,2000.000,16,8,3,16,0.010,4,2,replication,2338,2698,2933,0.000,0.000,0.000
20260905,1000,2000.000,16,8,3,16,0.010,4,2,codedllm,2520,3054,22795,65.200,0.000,65.200
20260905,1000,2000.000,16,8,3,16,0.010,4,4,wait,2734,21308,25074,0.000,0.000,0.000
20260905,1000,2000.000,16,8,3,16,0.010,4,4,replication,2338,2698,2933,0.000,0.000,0.000
20260905,1000,2000.000,16,8,3,16,0.010,4,4,codedllm,2518,3054,22795,65.200,0.000,65.200
20260905,1000,2000.000,16,8,3,16,0.010,16,2,wait,2734,21308,25074,0.000,0.000,0.000
20260905,1000,2000.000,16,8,3,16,0.010,16,2,replication,2338,2698,2933,0.000,0.000,0.000
20260905,1000,2000.000,16,8,3,16,0.010,16,2,codedllm,2520,3054,22795,65.200,0.000,65.200
20260905,1000,2000.000,16,8,3,16,0.010,16,4,wait,2734,21308,25074,0.000,0.000,0.000
20260905,1000,2000.000,16,8,3,16,0.010,16,4,replication,2338,2698,2933,0.000,0.000,0.000
20260905,1000,2000.000,16,8,3,16,0.010,16,4,codedllm,2518,3054,22795,65.200,0.000,65.200
20260905,1000,2000.000,16,4,3,16,0.050,1,2,wait,15462,26123,28856,0.000,0.000,0.000
20260905,1000,2000.000,16,4,3,16,0.050,1,2,replication,2387,2997,18406,0.000,0.000,0.000
20260905,1000,2000.000,16,4,3,16,0.050,1,2,codedllm,2929,25120,27674,24.000,51.600,24.000
20260905,1000,2000.000,16,4,3,16,0.050,1,4,wait,15462,26123,28856,0.000,0.000,0.000
20260905,1000,2000.000,16,4,3,16,0.050,1,4,replication,2387,2997,18406,0.000,0.000,0.000
20260905,1000,2000.000,16,4,3,16,0.050,1,4,codedllm,2929,25120,27674,24.000,51.600,24.000
20260905,1000,2000.000,16,4,3,16,0.050,4,2,wait,15462,26123,28856,0.000,0.000,0.000
20260905,1000,2000.000,16,4,3,16,0.050,4,2,replication,2387,2997,18406,0.000,0.000,0.000
20260905,1000,2000.000,16,4,3,16,0.050,4,2,codedllm,2784,24135,27084,47.800,0.000,47.800
20260905,1000,2000.000,16,4,3,16,0.050,4,4,wait,15462,26123,28856,0.000,0.000,0.000
20260905,1000,2000.000,16,4,3,16,0.050,4,4,replication,2387,2997,18406,0.000,0.000,0.000
20260905,1000,2000.000,16,4,3,16,0.050,4,4,codedllm,2784,24135,27084,47.800,0.000,47.800
20260905,1000,2000.000,16,4,3,16,0.050,16,2,wait,15462,26123,28856,0.000,0.000,0.000
20260905,1000,2000.000,16,4,3,16,0.050,16,2,replication,2387,2997,18406,0.000,0.000,0.000
20260905,1000,2000.000,16,4,3,16,0.050,16,2,codedllm,2784,24135,27084,47.800,0.000,47.800
20260905,1000,2000.000,16,4,3,16,0.050,16,4,wait,15462,26123,28856,0.000,0.000,0.000
20260905,1000,2000.000,16,4,3,16,0.050,16,4,replication,2387,2997,18406,0.000,0.000,0.000
20260905,1000,2000.000,16,4,3,16,0.050,16,4,codedllm,2784,24135,27084,47.800,0.000,47.800
20260905,1000,2000.000,16,8,3,16,0.050,1,2,wait,16153,26048,28431,0.000,0.000,0.000
20260905,1000,2000.000,16,8,3,16,0.050,1,2,replication,2389,2957,19307,0.000,0.000,0.000
20260905,1000,2000.000,16,8,3,16,0.050,1,2,codedllm,2848,25073,28161,28.400,62.400,28.400
20260905,1000,2000.000,16,8,3,16,0.050,1,4,wait,16153,26048,28431,0.000,0.000,0.000
20260905,1000,2000.000,16,8,3,16,0.050,1,4,replication,2389,2957,19307,0.000,0.000,0.000
20260905,1000,2000.000,16,8,3,16,0.050,1,4,codedllm,2848,25073,28161,28.400,62.400,28.400
20260905,1000,2000.000,16,8,3,16,0.050,4,2,wait,16153,26048,28431,0.000,0.000,0.000
20260905,1000,2000.000,16,8,3,16,0.050,4,2,replication,2389,2957,19307,0.000,0.000,0.000
20260905,1000,2000.000,16,8,3,16,0.050,4,2,codedllm,2594,22123,26170,74.700,0.000,74.700
20260905,1000,2000.000,16,8,3,16,0.050,4,4,wait,16153,26048,28431,0.000,0.000,0.000
20260905,1000,2000.000,16,8,3,16,0.050,4,4,replication,2389,2957,19307,0.000,0.000,0.000
20260905,1000,2000.000,16,8,3,16,0.050,4,4,codedllm,2594,22123,26170,74.700,0.000,74.700
20260905,1000,2000.000,16,8,3,16,0.050,16,2,wait,16153,26048,28431,0.000,0.000,0.000
20260905,1000,2000.000,16,8,3,16,0.050,16,2,replication,2389,2957,19307,0.000,0.000,0.000
20260905,1000,2000.000,16,8,3,16,0.050,16,2,codedllm,2594,22123,26170,74.700,0.000,74.700
20260905,1000,2000.000,16,8,3,16,0.050,16,4,wait,16153,26048,28431,0.000,0.000,0.000
20260905,1000,2000.000,16,8,3,16,0.050,16,4,replication,2389,2957,19307,0.000,0.000,0.000
20260905,1000,2000.000,16,8,3,16,0.050,16,4,codedllm,2594,22123,26170,74.700,0.000,74.700
20260905,1000,2000.000,16,4,3,16,0.100,1,2,wait,20697,27590,30335,0.000,0.000,0.000
20260905,1000,2000.000,16,4,3,16,0.100,1,2,replication,2481,18770,22431,0.000,0.000,0.000
20260905,1000,2000.000,16,4,3,16,0.100,1,2,codedllm,18758,26882,29308,26.700,54.400,26.700
20260905,1000,2000.000,16,4,3,16,0.100,1,4,wait,20697,27590,30335,0.000,0.000,0.000
20260905,1000,2000.000,16,4,3,16,0.100,1,4,replication,2481,18770,22431,0.000,0.000,0.000
20260905,1000,2000.000,16,4,3,16,0.100,1,4,codedllm,18758,26882,29308,26.700,54.400,26.700
20260905,1000,2000.000,16,4,3,16,0.100,4,2,wait,20697,27590,30335,0.000,0.000,0.000
20260905,1000,2000.000,16,4,3,16,0.100,4,2,replication,2481,18770,22431,0.000,0.000,0.000
20260905,1000,2000.000,16,4,3,16,0.100,4,2,codedllm,13776,26135,28344,57.400,0.000,57.400
20260905,1000,2000.000,16,4,3,16,0.100,4,4,wait,20697,27590,30335,0.000,0.000,0.000
20260905,1000,2000.000,16,4,3,16,0.100,4,4,replication,2481,18770,22431,0.000,0.000,0.000
20260905,1000,2000.000,16,4,3,16,0.100,4,4,codedllm,13776,26135,28344,57.500,0.000,57.500
20260905,1000,2000.000,16,4,3,16,0.100,16,2,wait,20697,27590,30335,0.000,0.000,0.000
20260905,1000,2000.000,16,4,3,16,0.100,16,2,replication,2481,18770,22431,0.000,0.000,0.000
20260905,1000,2000.000,16,4,3,16,0.100,16,2,codedllm,13776,26135,28344,57.400,0.000,57.400
20260905,1000,2000.000,16,4,3,16,0.100,16,4,wait,20697,27590,30335,0.000,0.000,0.000
20260905,1000,2000.000,16,4,3,16,0.100,16,4,replication,2481,18770,22431,0.000,0.000,0.000
20260905,1000,2000.000,16,4,3,16,0.100,16,4,codedllm,13776,26135,28344,57.500,0.000,57.500
20260905,1000,2000.000,16,8,3,16,0.100,1,2,wait,20686,27524,29795,0.000,0.000,0.000
20260905,1000,2000.000,16,8,3,16,0.100,1,2,replication,2497,19286,22477,0.000,0.000,0.000
20260905,1000,2000.000,16,8,3,16,0.100,1,2,codedllm,17718,26363,29371,30.600,60.800,30.600
20260905,1000,2000.000,16,8,3,16,0.100,1,4,wait,20686,27524,29795,0.000,0.000,0.000
20260905,1000,2000.000,16,8,3,16,0.100,1,4,replication,2497,19286,22477,0.000,0.000,0.000
20260905,1000,2000.000,16,8,3,16,0.100,1,4,codedllm,17718,26363,29371,30.600,60.800,30.600
20260905,1000,2000.000,16,8,3,16,0.100,4,2,wait,20686,27524,29795,0.000,0.000,0.000
20260905,1000,2000.000,16,8,3,16,0.100,4,2,replication,2497,19286,22477,0.000,0.000,0.000
20260905,1000,2000.000,16,8,3,16,0.100,4,2,codedllm,2721,23748,27151,77.100,0.200,77.100
20260905,1000,2000.000,16,8,3,16,0.100,4,4,wait,20686,27524,29795,0.000,0.000,0.000
20260905,1000,2000.000,16,8,3,16,0.100,4,4,replication,2497,19286,22477,0.000,0.000,0.000
20260905,1000,2000.000,16,8,3,16,0.100,4,4,codedllm,2721,23748,27151,77.100,0.200,77.100
20260905,1000,2000.000,16,8,3,16,0.100,16,2,wait,20686,27524,29795,0.000,0.000,0.000
20260905,1000,2000.000,16,8,3,16,0.100,16,2,replication,2497,19286,22477,0.000,0.000,0.000
20260905,1000,2000.000,16,8,3,16,0.100,16,2,codedllm,2721,23748,27151,77.100,0.000,77.100
20260905,1000,2000.000,16,8,3,16,0.100,16,4,wait,20686,27524,29795,0.000,0.000,0.000
20260905,1000,2000.000,16,8,3,16,0.100,16,4,replication,2497,19286,22477,0.000,0.000,0.000
20260905,1000,2000.000,16,8,3,16,0.100,16,4,codedllm,2721,23748,27151,77.100,0.000,77.100
20260906,1000,2000.000,16,4,3,16,0.010,1,2,wait,2733,21028,26365,0.000,0.000,0.000
20260906,1000,2000.000,16,4,3,16,0.010,1,2,replication,2338,2664,2932,0.000,0.000,0.000
20260906,1000,2000.000,16,4,3,16,0.010,1,2,codedllm,2672,19870,24870,21.000,44.200,21.000
20260906,1000,2000.000,16,4,3,16,0.010,1,4,wait,2733,21028,26365,0.000,0.000,0.000
20260906,1000,2000.000,16,4,3,16,0.010,1,4,replication,2338,2664,2932,0.000,0.000,0.000
20260906,1000,2000.000,16,4,3,16,0.010,1,4,codedllm,2672,19870,24870,21.000,44.200,21.000
20260906,1000,2000.000,16,4,3,16,0.010,4,2,wait,2733,21028,26365,0.000,0.000,0.000
20260906,1000,2000.000,16,4,3,16,0.010,4,2,replication,2338,2664,2932,0.000,0.000,0.000
20260906,1000,2000.000,16,4,3,16,0.010,4,2,codedllm,2642,16723,23340,37.500,0.000,37.500
20260906,1000,2000.000,16,4,3,16,0.010,4,4,wait,2733,21028,26365,0.000,0.000,0.000
20260906,1000,2000.000,16,4,3,16,0.010,4,4,replication,2338,2664,2932,0.000,0.000,0.000
20260906,1000,2000.000,16,4,3,16,0.010,4,4,codedllm,2642,16723,23340,37.500,0.000,37.500
20260906,1000,2000.000,16,4,3,16,0.010,16,2,wait,2733,21028,26365,0.000,0.000,0.000
20260906,1000,2000.000,16,4,3,16,0.010,16,2,replication,2338,2664,2932,0.000,0.000,0.000
20260906,1000,2000.000,16,4,3,16,0.010,16,2,codedllm,2642,16723,23340,37.500,0.000,37.500
20260906,1000,2000.000,16,4,3,16,0.010,16,4,wait,2733,21028,26365,0.000,0.000,0.000
20260906,1000,2000.000,16,4,3,16,0.010,16,4,replication,2338,2664,2932,0.000,0.000,0.000
20260906,1000,2000.000,16,4,3,16,0.010,16,4,codedllm,2642,16723,23340,37.500,0.000,37.500
20260906,1000,2000.000,16,8,3,16,0.010,1,2,wait,2724,20988,25394,0.000,0.000,0.000
20260906,1000,2000.000,16,8,3,16,0.010,1,2,replication,2336,2660,2917,0.000,0.000,0.000
20260906,1000,2000.000,16,8,3,16,0.010,1,2,codedllm,2636,19817,24096,28.700,57.100,28.700
20260906,1000,2000.000,16,8,3,16,0.010,1,4,wait,2724,20988,25394,0.000,0.000,0.000
20260906,1000,2000.000,16,8,3,16,0.010,1,4,replication,2336,2660,2917,0.000,0.000,0.000
20260906,1000,2000.000,16,8,3,16,0.010,1,4,codedllm,2636,19817,24096,28.700,57.100,28.700
20260906,1000,2000.000,16,8,3,16,0.010,4,2,wait,2724,20988,25394,0.000,0.000,0.000
20260906,1000,2000.000,16,8,3,16,0.010,4,2,replication,2336,2660,2917,0.000,0.000,0.000
20260906,1000,2000.000,16,8,3,16,0.010,4,2,codedllm,2523,3021,20427,62.300,0.000,62.300
20260906,1000,2000.000,16,8,3,16,0.010,4,4,wait,2724,20988,25394,0.000,0.000,0.000
20260906,1000,2000.000,16,8,3,16,0.010,4,4,replication,2336,2660,2917,0.000,0.000,0.000
20260906,1000,2000.000,16,8,3,16,0.010,4,4,codedllm,2523,3021,20427,62.400,0.000,62.400
20260906,1000,2000.000,16,8,3,16,0.010,16,2,wait,2724,20988,25394,0.000,0.000,0.000
20260906,1000,2000.000,16,8,3,16,0.010,16,2,replication,2336,2660,2917,0.000,0.000,0.000
20260906,1000,2000.000,16,8,3,16,0.010,16,2,codedllm,2523,3021,20427,62.300,0.000,62.300
20260906,1000,2000.000,16,8,3,16,0.010,16,4,wait,2724,20988,25394,0.000,0.000,0.000
20260906,1000,2000.000,16,8,3,16,0.010,16,4,replication,2336,2660,2917,0.000,0.000,0.000
20260906,1000,2000.000,16,8,3,16,0.010,16,4,codedllm,2523,3021,20427,62.400,0.000,62.400
20260906,1000,2000.000,16,4,3,16,0.050,1,2,wait,15350,25727,28455,0.000,0.000,0.000
20260906,1000,2000.000,16,4,3,16,0.050,1,2,replication,2392,2955,19534,0.000,0.000,0.000
20260906,1000,2000.000,16,4,3,16,0.050,1,2,codedllm,2895,25263,27890,24.400,50.800,24.400
20260906,1000,2000.000,16,4,3,16,0.050,1,4,wait,15350,25727,28455,0.000,0.000,0.000
20260906,1000,2000.000,16,4,3,16,0.050,1,4,replication,2392,2955,19534,0.000,0.000,0.000
20260906,1000,2000.000,16,4,3,16,0.050,1,4,codedllm,2895,25263,27890,24.400,50.800,24.400
20260906,1000,2000.000,16,4,3,16,0.050,4,2,wait,15350,25727,28455,0.000,0.000,0.000
20260906,1000,2000.000,16,4,3,16,0.050,4,2,replication,2392,2955,19534,0.000,0.000,0.000
20260906,1000,2000.000,16,4,3,16,0.050,4,2,codedllm,2771,24273,27511,45.900,0.000,45.900
20260906,1000,2000.000,16,4,3,16,0.050,4,4,wait,15350,25727,28455,0.000,0.000,0.000
20260906,1000,2000.000,16,4,3,16,0.050,4,4,replication,2392,2955,19534,0.000,0.000,0.000
20260906,1000,2000.000,16,4,3,16,0.050,4,4,codedllm,2771,24273,27511,45.900,0.000,45.900
20260906,1000,2000.000,16,4,3,16,0.050,16,2,wait,15350,25727,28455,0.000,0.000,0.000
20260906,1000,2000.000,16,4,3,16,0.050,16,2,replication,2392,2955,19534,0.000,0.000,0.000
20260906,1000,2000.000,16,4,3,16,0.050,16,2,codedllm,2771,24273,27511,45.900,0.000,45.900
20260906,1000,2000.000,16,4,3,16,0.050,16,4,wait,15350,25727,28455,0.000,0.000,0.000
20260906,1000,2000.000,16,4,3,16,0.050,16,4,replication,2392,2955,19534,0.000,0.000,0.000
20260906,1000,2000.000,16,4,3,16,0.050,16,4,codedllm,2771,24273,27511,45.900,0.000,45.900
20260906,1000,2000.000,16,8,3,16,0.050,1,2,wait,15408,25646,28228,0.000,0.000,0.000
20260906,1000,2000.000,16,8,3,16,0.050,1,2,replication,2401,3043,20889,0.000,0.000,0.000
20260906,1000,2000.000,16,8,3,16,0.050,1,2,codedllm,2803,25086,27731,29.900,60.000,29.900
20260906,1000,2000.000,16,8,3,16,0.050,1,4,wait,15408,25646,28228,0.000,0.000,0.000
20260906,1000,2000.000,16,8,3,16,0.050,1,4,replication,2401,3043,20889,0.000,0.000,0.000
20260906,1000,2000.000,16,8,3,16,0.050,1,4,codedllm,2803,25086,27731,29.900,60.000,29.900
20260906,1000,2000.000,16,8,3,16,0.050,4,2,wait,15408,25646,28228,0.000,0.000,0.000
20260906,1000,2000.000,16,8,3,16,0.050,4,2,replication,2401,3043,20889,0.000,0.000,0.000
20260906,1000,2000.000,16,8,3,16,0.050,4,2,codedllm,2600,21475,25884,71.400,0.200,71.400
20260906,1000,2000.000,16,8,3,16,0.050,4,4,wait,15408,25646,28228,0.000,0.000,0.000
20260906,1000,2000.000,16,8,3,16,0.050,4,4,replication,2401,3043,20889,0.000,0.000,0.000
20260906,1000,2000.000,16,8,3,16,0.050,4,4,codedllm,2600,21475,25884,71.400,0.200,71.400
20260906,1000,2000.000,16,8,3,16,0.050,16,2,wait,15408,25646,28228,0.000,0.000,0.000
20260906,1000,2000.000,16,8,3,16,0.050,16,2,replication,2401,3043,20889,0.000,0.000,0.000
20260906,1000,2000.000,16,8,3,16,0.050,16,2,codedllm,2600,21419,25884,71.500,0.000,71.500
20260906,1000,2000.000,16,8,3,16,0.050,16,4,wait,15408,25646,28228,0.000,0.000,0.000
20260906,1000,2000.000,16,8,3,16,0.050,16,4,replication,2401,3043,20889,0.000,0.000,0.000
20260906,1000,2000.000,16,8,3,16,0.050,16,4,codedllm,2600,21419,25884,71.500,0.000,71.500
20260906,1000,2000.000,16,4,3,16,0.100,1,2,wait,20972,27218,29643,0.000,0.000,0.000
20260906,1000,2000.000,16,4,3,16,0.100,1,2,replication,2471,18794,22190,0.000,0.000,0.000
20260906,1000,2000.000,16,4,3,16,0.100,1,2,codedllm,19592,26879,29406,25.100,50.300,25.100
20260906,1000,2000.000,16,4,3,16,0.100,1,4,wait,20972,27218,29643,0.000,0.000,0.000
20260906,1000,2000.000,16,4,3,16,0.100,1,4,replication,2471,18794,22190,0.000,0.000,0.000
20260906,1000,2000.000,16,4,3,16,0.100,1,4,codedllm,19592,26879,29406,25.100,50.300,25.100
20260906,1000,2000.000,16,4,3,16,0.100,4,2,wait,20972,27218,29643,0.000,0.000,0.000
20260906,1000,2000.000,16,4,3,16,0.100,4,2,replication,2471,18794,22190,0.000,0.000,0.000
20260906,1000,2000.000,16,4,3,16,0.100,4,2,codedllm,16218,26377,28556,48.200,0.000,48.200
20260906,1000,2000.000,16,4,3,16,0.100,4,4,wait,20972,27218,29643,0.000,0.000,0.000
20260906,1000,2000.000,16,4,3,16,0.100,4,4,replication,2471,18794,22190,0.000,0.000,0.000
20260906,1000,2000.000,16,4,3,16,0.100,4,4,codedllm,16218,26377,28556,48.200,0.000,48.200
20260906,1000,2000.000,16,4,3,16,0.100,16,2,wait,20972,27218,29643,0.000,0.000,0.000
20260906,1000,2000.000,16,4,3,16,0.100,16,2,replication,2471,18794,22190,0.000,0.000,0.000
20260906,1000,2000.000,16,4,3,16,0.100,16,2,codedllm,16218,26377,28556,48.200,0.000,48.200
20260906,1000,2000.000,16,4,3,16,0.100,16,4,wait,20972,27218,29643,0.000,0.000,0.000
20260906,1000,2000.000,16,4,3,16,0.100,16,4,replication,2471,18794,22190,0.000,0.000,0.000
20260906,1000,2000.000,16,4,3,16,0.100,16,4,codedllm,16218,26377,28556,48.200,0.000,48.200
20260906,1000,2000.000,16,8,3,16,0.100,1,2,wait,20812,27218,29830,0.000,0.000,0.000
20260906,1000,2000.000,16,8,3,16,0.100,1,2,replication,2464,18031,21276,0.000,0.000,0.000
20260906,1000,2000.000,16,8,3,16,0.100,1,2,codedllm,17993,26597,29582,28.500,60.900,28.500
20260906,1000,2000.000,16,8,3,16,0.100,1,4,wait,20812,27218,29830,0.000,0.000,0.000
20260906,1000,2000.000,16,8,3,16,0.100,1,4,replication,2464,18031,21276,0.000,0.000,0.000
20260906,1000,2000.000,16,8,3,16,0.100,1,4,codedllm,17993,26597,29582,28.500,60.900,28.500
20260906,1000,2000.000,16,8,3,16,0.100,4,2,wait,20812,27218,29830,0.000,0.000,0.000
20260906,1000,2000.000,16,8,3,16,0.100,4,2,replication,2464,18031,21276,0.000,0.000,0.000
20260906,1000,2000.000,16,8,3,16,0.100,4,2,codedllm,2773,24386,27683,72.500,0.300,72.500
20260906,1000,2000.000,16,8,3,16,0.100,4,4,wait,20812,27218,29830,0.000,0.000,0.000
20260906,1000,2000.000,16,8,3,16,0.100,4,4,replication,2464,18031,21276,0.000,0.000,0.000
20260906,1000,2000.000,16,8,3,16,0.100,4,4,codedllm,2773,24386,27683,72.500,0.300,72.500
20260906,1000,2000.000,16,8,3,16,0.100,16,2,wait,20812,27218,29830,0.000,0.000,0.000
20260906,1000,2000.000,16,8,3,16,0.100,16,2,replication,2464,18031,21276,0.000,0.000,0.000
20260906,1000,2000.000,16,8,3,16,0.100,16,2,codedllm,2773,24386,27683,72.500,0.000,72.500
20260906,1000,2000.000,16,8,3,16,0.100,16,4,wait,20812,27218,29830,0.000,0.000,0.000
20260906,1000,2000.000,16,8,3,16,0.100,16,4,replication,2464,18031,21276,0.000,0.000,0.000
20260906,1000,2000.000,16,8,3,16,0.100,16,4,codedllm,2773,24386,27683,72.500,0.000,72.500
20260907,1000,2000.000,16,4,3,16,0.010,1,2,wait,2748,22577,25937,0.000,0.000,0.000
20260907,1000,2000.000,16,4,3,16,0.010,1,2,replication,2343,2670,2852,0.000,0.000,0.000
20260907,1000,2000.000,16,4,3,16,0.010,1,2,codedllm,2692,21554,25703,20.600,46.900,20.600
20260907,1000,2000.000,16,4,3,16,0.010,1,4,wait,2748,22577,25937,0.000,0.000,0.000
20260907,1000,2000.000,16,4,3,16,0.010,1,4,replication,2343,2670,2852,0.000,0.000,0.000
20260907,1000,2000.000,16,4,3,16,0.010,1,4,codedllm,2692,21554,25703,20.600,46.900,20.600
20260907,1000,2000.000,16,4,3,16,0.010,4,2,wait,2748,22577,25937,0.000,0.000,0.000
20260907,1000,2000.000,16,4,3,16,0.010,4,2,replication,2343,2670,2852,0.000,0.000,0.000
20260907,1000,2000.000,16,4,3,16,0.010,4,2,codedllm,2656,19250,25134,37.700,0.000,37.700
20260907,1000,2000.000,16,4,3,16,0.010,4,4,wait,2748,22577,25937,0.000,0.000,0.000
20260907,1000,2000.000,16,4,3,16,0.010,4,4,replication,2343,2670,2852,0.000,0.000,0.000
20260907,1000,2000.000,16,4,3,16,0.010,4,4,codedllm,2656,19250,25134,37.700,0.000,37.700
20260907,1000,2000.000,16,4,3,16,0.010,16,2,wait,2748,22577,25937,0.000,0.000,0.000
20260907,1000,2000.000,16,4,3,16,0.010,16,2,replication,2343,2670,2852,0.000,0.000,0.000
20260907,1000,2000.000,16,4,3,16,0.010,16,2,codedllm,2656,19250,25134,37.700,0.000,37.700
20260907,1000,2000.000,16,4,3,16,0.010,16,4,wait,2748,22577,25937,0.000,0.000,0.000
20260907,1000,2000.000,16,4,3,16,0.010,16,4,replication,2343,2670,2852,0.000,0.000,0.000
20260907,1000,2000.000,16,4,3,16,0.010,16,4,codedllm,2656,19250,25134,37.700,0.000,37.700
20260907,1000,2000.000,16,8,3,16,0.010,1,2,wait,2730,22218,25703,0.000,0.000,0.000
20260907,1000,2000.000,16,8,3,16,0.010,1,2,replication,2340,2673,2808,0.000,0.000,0.000
20260907,1000,2000.000,16,8,3,16,0.010,1,2,codedllm,2645,20782,25134,26.600,56.600,26.600
20260907,1000,2000.000,16,8,3,16,0.010,1,4,wait,2730,22218,25703,0.000,0.000,0.000
20260907,1000,2000.000,16,8,3,16,0.010,1,4,replication,2340,2673,2808,0.000,0.000,0.000
20260907,1000,2000.000,16,8,3,16,0.010,1,4,codedllm,2645,20782,25134,26.600,56.600,26.600
20260907,1000,2000.000,16,8,3,16,0.010,4,2,wait,2730,22218,25703,0.000,0.000,0.000
20260907,1000,2000.000,16,8,3,16,0.010,4,2,replication,2340,2673,2808,0.000,0.000,0.000
20260907,1000,2000.000,16,8,3,16,0.010,4,2,codedllm,2552,3135,22800,60.600,0.000,60.600
20260907,1000,2000.000,16,8,3,16,0.010,4,4,wait,2730,22218,25703,0.000,0.000,0.000
20260907,1000,2000.000,16,8,3,16,0.010,4,4,replication,2340,2673,2808,0.000,0.000,0.000
20260907,1000,2000.000,16,8,3,16,0.010,4,4,codedllm,2552,3135,22800,60.600,0.000,60.600
20260907,1000,2000.000,16,8,3,16,0.010,16,2,wait,2730,22218,25703,0.000,0.000,0.000
20260907,1000,2000.000,16,8,3,16,0.010,16,2,replication,2340,2673,2808,0.000,0.000,0.000
20260907,1000,2000.000,16,8,3,16,0.010,16,2,codedllm,2552,3135,22800,60.600,0.000,60.600
20260907,1000,2000.000,16,8,3,16,0.010,16,4,wait,2730,22218,25703,0.000,0.000,0.000
20260907,1000,2000.000,16,8,3,16,0.010,16,4,replication,2340,2673,2808,0.000,0.000,0.000
20260907,1000,2000.000,16,8,3,16,0.010,16,4,codedllm,2552,3135,22800,60.600,0.000,60.600
20260907,1000,2000.000,16,4,3,16,0.050,1,2,wait,14534,25694,28339,0.000,0.000,0.000
20260907,1000,2000.000,16,4,3,16,0.050,1,2,replication,2394,3003,19454,0.000,0.000,0.000
20260907,1000,2000.000,16,4,3,16,0.050,1,2,codedllm,2931,25522,28187,20.400,44.000,20.400
20260907,1000,2000.000,16,4,3,16,0.050,1,4,wait,14534,25694,28339,0.000,0.000,0.000
20260907,1000,2000.000,16,4,3,16,0.050,1,4,replication,2394,3003,19454,0.000,0.000,0.000
20260907,1000,2000.000,16,4,3,16,0.050,1,4,codedllm,2931,25522,28187,20.400,44.000,20.400
20260907,1000,2000.000,16,4,3,16,0.050,4,2,wait,14534,25694,28339,0.000,0.000,0.000
20260907,1000,2000.000,16,4,3,16,0.050,4,2,replication,2394,3003,19454,0.000,0.000,0.000
20260907,1000,2000.000,16,4,3,16,0.050,4,2,codedllm,2805,24892,27954,39.200,0.000,39.200
20260907,1000,2000.000,16,4,3,16,0.050,4,4,wait,14534,25694,28339,0.000,0.000,0.000
20260907,1000,2000.000,16,4,3,16,0.050,4,4,replication,2394,3003,19454,0.000,0.000,0.000
20260907,1000,2000.000,16,4,3,16,0.050,4,4,codedllm,2805,24892,27954,39.200,0.000,39.200
20260907,1000,2000.000,16,4,3,16,0.050,16,2,wait,14534,25694,28339,0.000,0.000,0.000
20260907,1000,2000.000,16,4,3,16,0.050,16,2,replication,2394,3003,19454,0.000,0.000,0.000
20260907,1000,2000.000,16,4,3,16,0.050,16,2,codedllm,2805,24892,27954,39.200,0.000,39.200
20260907,1000,2000.000,16,4,3,16,0.050,16,4,wait,14534,25694,28339,0.000,0.000,0.000
20260907,1000,2000.000,16,4,3,16,0.050,16,4,replication,2394,3003,19454,0.000,0.000,0.000
20260907,1000,2000.000,16,4,3,16,0.050,16,4,codedllm,2805,24892,27954,39.200,0.000,39.200
20260907,1000,2000.000,16,8,3,16,0.050,1,2,wait,15054,25755,28353,0.000,0.000,0.000
20260907,1000,2000.000,16,8,3,16,0.050,1,2,replication,2406,2970,19758,0.000,0.000,0.000
20260907,1000,2000.000,16,8,3,16,0.050,1,2,codedllm,2824,25004,27658,28.600,60.900,28.600
20260907,1000,2000.000,16,8,3,16,0.050,1,4,wait,15054,25755,28353,0.000,0.000,0.000
20260907,1000,2000.000,16,8,3,16,0.050,1,4,replication,2406,2970,19758,0.000,0.000,0.000
20260907,1000,2000.000,16,8,3,16,0.050,1,4,codedllm,2824,25004,27658,28.600,60.900,28.600
20260907,1000,2000.000,16,8,3,16,0.050,4,2,wait,15054,25755,28353,0.000,0.000,0.000
20260907,1000,2000.000,16,8,3,16,0.050,4,2,replication,2406,2970,19758,0.000,0.000,0.000
20260907,1000,2000.000,16,8,3,16,0.050,4,2,codedllm,2635,22755,25618,67.200,0.000,67.200
20260907,1000,2000.000,16,8,3,16,0.050,4,4,wait,15054,25755,28353,0.000,0.000,0.000
20260907,1000,2000.000,16,8,3,16,0.050,4,4,replication,2406,2970,19758,0.000,0.000,0.000
20260907,1000,2000.000,16,8,3,16,0.050,4,4,codedllm,2633,22755,25618,67.200,0.000,67.200
20260907,1000,2000.000,16,8,3,16,0.050,16,2,wait,15054,25755,28353,0.000,0.000,0.000
20260907,1000,2000.000,16,8,3,16,0.050,16,2,replication,2406,2970,19758,0.000,0.000,0.000
20260907,1000,2000.000,16,8,3,16,0.050,16,2,codedllm,2635,22755,25618,67.200,0.000,67.200
20260907,1000,2000.000,16,8,3,16,0.050,16,4,wait,15054,25755,28353,0.000,0.000,0.000
20260907,1000,2000.000,16,8,3,16,0.050,16,4,replication,2406,2970,19758,0.000,0.000,0.000
20260907,1000,2000.000,16,8,3,16,0.050,16,4,codedllm,2633,22755,25618,67.200,0.000,67.200
20260907,1000,2000.000,16,4,3,16,0.100,1,2,wait,20963,27450,29456,0.000,0.000,0.000
20260907,1000,2000.000,16,4,3,16,0.100,1,2,replication,2486,19768,22808,0.000,0.000,0.000
20260907,1000,2000.000,16,4,3,16,0.100,1,2,codedllm,19101,26914,29383,22.600,50.400,22.600
20260907,1000,2000.000,16,4,3,16,0.100,1,4,wait,20963,27450,29456,0.000,0.000,0.000
20260907,1000,2000.000,16,4,3,16,0.100,1,4,replication,2486,19768,22808,0.000,0.000,0.000
20260907,1000,2000.000,16,4,3,16,0.100,1,4,codedllm,19101,26914,29383,22.600,50.400,22.600
20260907,1000,2000.000,16,4,3,16,0.100,4,2,wait,20963,27450,29456,0.000,0.000,0.000
20260907,1000,2000.000,16,4,3,16,0.100,4,2,replication,2486,19768,22808,0.000,0.000,0.000
20260907,1000,2000.000,16,4,3,16,0.100,4,2,codedllm,16568,26240,28687,45.100,0.000,45.100
20260907,1000,2000.000,16,4,3,16,0.100,4,4,wait,20963,27450,29456,0.000,0.000,0.000
20260907,1000,2000.000,16,4,3,16,0.100,4,4,replication,2486,19768,22808,0.000,0.000,0.000
20260907,1000,2000.000,16,4,3,16,0.100,4,4,codedllm,16568,26240,28687,45.100,0.000,45.100
20260907,1000,2000.000,16,4,3,16,0.100,16,2,wait,20963,27450,29456,0.000,0.000,0.000
20260907,1000,2000.000,16,4,3,16,0.100,16,2,replication,2486,19768,22808,0.000,0.000,0.000
20260907,1000,2000.000,16,4,3,16,0.100,16,2,codedllm,16568,26240,28687,45.100,0.000,45.100
20260907,1000,2000.000,16,4,3,16,0.100,16,4,wait,20963,27450,29456,0.000,0.000,0.000
20260907,1000,2000.000,16,4,3,16,0.100,16,4,replication,2486,19768,22808,0.000,0.000,0.000
20260907,1000,2000.000,16,4,3,16,0.100,16,4,codedllm,16568,26240,28687,45.100,0.000,45.100
20260907,1000,2000.000,16,8,3,16,0.100,1,2,wait,21008,27611,29456,0.000,0.000,0.000
20260907,1000,2000.000,16,8,3,16,0.100,1,2,replication,2481,20039,22847,0.000,0.000,0.000
20260907,1000,2000.000,16,8,3,16,0.100,1,2,codedllm,18389,26637,29206,27.200,59.500,27.200
20260907,1000,2000.000,16,8,3,16,0.100,1,4,wait,21008,27611,29456,0.000,0.000,0.000
20260907,1000,2000.000,16,8,3,16,0.100,1,4,replication,2481,20039,22847,0.000,0.000,0.000
20260907,1000,2000.000,16,8,3,16,0.100,1,4,codedllm,18389,26637,29206,27.200,59.500,27.200
20260907,1000,2000.000,16,8,3,16,0.100,4,2,wait,21008,27611,29456,0.000,0.000,0.000
20260907,1000,2000.000,16,8,3,16,0.100,4,2,replication,2481,20039,22847,0.000,0.000,0.000
20260907,1000,2000.000,16,8,3,16,0.100,4,2,codedllm,2833,24714,27163,67.100,0.200,67.100
20260907,1000,2000.000,16,8,3,16,0.100,4,4,wait,21008,27611,29456,0.000,0.000,0.000
20260907,1000,2000.000,16,8,3,16,0.100,4,4,replication,2481,20039,22847,0.000,0.000,0.000
20260907,1000,2000.000,16,8,3,16,0.100,4,4,codedllm,2833,24714,27163,67.100,0.200,67.100
20260907,1000,2000.000,16,8,3,16,0.100,16,2,wait,21008,27611,29456,0.000,0.000,0.000
20260907,1000,2000.000,16,8,3,16,0.100,16,2,replication,2481,20039,22847,0.000,0.000,0.000
20260907,1000,2000.000,16,8,3,16,0.100,16,2,codedllm,2831,24701,27163,67.300,0.000,67.300
20260907,1000,2000.000,16,8,3,16,0.100,16,4,wait,21008,27611,29456,0.000,0.000,0.000
20260907,1000,2000.000,16,8,3,16,0.100,16,4,replication,2481,20039,22847,0.000,0.000,0.000
20260907,1000,2000.000,16,8,3,16,0.100,16,4,codedllm,2831,24701,27163,67.300,0.000,67.300
20260908,1000,2000.000,16,4,3,16,0.010,1,2,wait,2738,21943,25508,0.000,0.000,0.000
20260908,1000,2000.000,16,4,3,16,0.010,1,2,replication,2336,2675,2849,0.000,0.000,0.000
20260908,1000,2000.000,16,4,3,16,0.010,1,2,codedllm,2672,18866,24512,23.400,51.100,23.400
20260908,1000,2000.000,16,4,3,16,0.010,1,4,wait,2738,21943,25508,0.000,0.000,0.000
20260908,1000,2000.000,16,4,3,16,0.010,1,4,replication,2336,2675,2849,0.000,0.000,0.000
20260908,1000,2000.000,16,4,3,16,0.010,1,4,codedllm,2672,18866,24512,23.400,51.100,23.400
20260908,1000,2000.000,16,4,3,16,0.010,4,2,wait,2738,21943,25508,0.000,0.000,0.000
20260908,1000,2000.000,16,4,3,16,0.010,4,2,replication,2336,2675,2849,0.000,0.000,0.000
20260908,1000,2000.000,16,4,3,16,0.010,4,2,codedllm,2626,8979,22980,43.400,0.000,43.400
20260908,1000,2000.000,16,4,3,16,0.010,4,4,wait,2738,21943,25508,0.000,0.000,0.000
20260908,1000,2000.000,16,4,3,16,0.010,4,4,replication,2336,2675,2849,0.000,0.000,0.000
20260908,1000,2000.000,16,4,3,16,0.010,4,4,codedllm,2626,8979,22980,43.400,0.000,43.400
20260908,1000,2000.000,16,4,3,16,0.010,16,2,wait,2738,21943,25508,0.000,0.000,0.000
20260908,1000,2000.000,16,4,3,16,0.010,16,2,replication,2336,2675,2849,0.000,0.000,0.000
20260908,1000,2000.000,16,4,3,16,0.010,16,2,codedllm,2626,8979,22980,43.400,0.000,43.400
20260908,1000,2000.000,16,4,3,16,0.010,16,4,wait,2738,21943,25508,0.000,0.000,0.000
20260908,1000,2000.000,16,4,3,16,0.010,16,4,replication,2336,2675,2849,0.000,0.000,0.000
20260908,1000,2000.000,16,4,3,16,0.010,16,4,codedllm,2626,8979,22980,43.400,0.000,43.400
20260908,1000,2000.000,16,8,3,16,0.010,1,2,wait,2746,22381,26469,0.000,0.000,0.000
20260908,1000,2000.000,16,8,3,16,0.010,1,2,replication,2346,2658,2846,0.000,0.000,0.000
20260908,1000,2000.000,16,8,3,16,0.010,1,2,codedllm,2625,20137,24570,29.500,61.600,29.500
20260908,1000,2000.000,16,8,3,16,0.010,1,4,wait,2746,22381,26469,0.000,0.000,0.000
20260908,1000,2000.000,16,8,3,16,0.010,1,4,replication,2346,2658,2846,0.000,0.000,0.000
20260908,1000,2000.000,16,8,3,16,0.010,1,4,codedllm,2625,20137,24570,29.500,61.600,29.500
20260908,1000,2000.000,16,8,3,16,0.010,4,2,wait,2746,22381,26469,0.000,0.000,0.000
20260908,1000,2000.000,16,8,3,16,0.010,4,2,replication,2346,2658,2846,0.000,0.000,0.000
20260908,1000,2000.000,16,8,3,16,0.010,4,2,codedllm,2507,2944,21461,73.700,0.000,73.700
20260908,1000,2000.000,16,8,3,16,0.010,4,4,wait,2746,22381,26469,0.000,0.000,0.000
20260908,1000,2000.000,16,8,3,16,0.010,4,4,replication,2346,2658,2846,0.000,0.000,0.000
20260908,1000,2000.000,16,8,3,16,0.010,4,4,codedllm,2507,2944,21461,73.700,0.000,73.700
20260908,1000,2000.000,16,8,3,16,0.010,16,2,wait,2746,22381,26469,0.000,0.000,0.000
20260908,1000,2000.000,16,8,3,16,0.010,16,2,replication,2346,2658,2846,0.000,0.000,0.000
20260908,1000,2000.000,16,8,3,16,0.010,16,2,codedllm,2507,2944,21461,73.700,0.000,73.700
20260908,1000,2000.000,16,8,3,16,0.010,16,4,wait,2746,22381,26469,0.000,0.000,0.000
20260908,1000,2000.000,16,8,3,16,0.010,16,4,replication,2346,2658,2846,0.000,0.000,0.000
20260908,1000,2000.000,16,8,3,16,0.010,16,4,codedllm,2507,2944,21461,73.700,0.000,73.700
20260908,1000,2000.000,16,4,3,16,0.050,1,2,wait,14824,26165,29375,0.000,0.000,0.000
20260908,1000,2000.000,16,4,3,16,0.050,1,2,replication,2397,2939,19789,0.000,0.000,0.000
20260908,1000,2000.000,16,4,3,16,0.050,1,2,codedllm,2903,25192,28823,23.300,49.700,23.300
20260908,1000,2000.000,16,4,3,16,0.050,1,4,wait,14824,26165,29375,0.000,0.000,0.000
20260908,1000,2000.000,16,4,3,16,0.050,1,4,replication,2397,2939,19789,0.000,0.000,0.000
20260908,1000,2000.000,16,4,3,16,0.050,1,4,codedllm,2903,25192,28823,23.300,49.700,23.300
20260908,1000,2000.000,16,4,3,16,0.050,4,2,wait,14824,26165,29375,0.000,0.000,0.000
20260908,1000,2000.000,16,4,3,16,0.050,4,2,replication,2397,2939,19789,0.000,0.000,0.000
20260908,1000,2000.000,16,4,3,16,0.050,4,2,codedllm,2760,23583,27860,47.800,0.000,47.800
20260908,1000,2000.000,16,4,3,16,0.050,4,4,wait,14824,26165,29375,0.000,0.000,0.000
20260908,1000,2000.000,16,4,3,16,0.050,4,4,replication,2397,2939,19789,0.000,0.000,0.000
20260908,1000,2000.000,16,4,3,16,0.050,4,4,codedllm,2759,23583,27860,47.800,0.000,47.800
20260908,1000,2000.000,16,4,3,16,0.050,16,2,wait,14824,26165,29375,0.000,0.000,0.000
20260908,1000,2000.000,16,4,3,16,0.050,16,2,replication,2397,2939,19789,0.000,0.000,0.000
20260908,1000,2000.000,16,4,3,16,0.050,16,2,codedllm,2760,23583,27860,47.800,0.000,47.800
20260908,1000,2000.000,16,4,3,16,0.050,16,4,wait,14824,26165,29375,0.000,0.000,0.000
20260908,1000,2000.000,16,4,3,16,0.050,16,4,replication,2397,2939,19789,0.000,0.000,0.000
20260908,1000,2000.000,16,4,3,16,0.050,16,4,codedllm,2759,23583,27860,47.800,0.000,47.800
20260908,1000,2000.000,16,8,3,16,0.050,1,2,wait,14966,26168,28823,0.000,0.000,0.000
20260908,1000,2000.000,16,8,3,16,0.050,1,2,replication,2389,2908,18388,0.000,0.000,0.000
20260908,1000,2000.000,16,8,3,16,0.050,1,2,codedllm,2796,25106,27860,30.400,61.800,30.400
20260908,1000,2000.000,16,8,3,16,0.050,1,4,wait,14966,26168,28823,0.000,0.000,0.000
20260908,1000,2000.000,16,8,3,16,0.050,1,4,replication,2389,2908,18388,0.000,0.000,0.000
20260908,1000,2000.000,16,8,3,16,0.050,1,4,codedllm,2796,25106,27860,30.400,61.800,30.400
20260908,1000,2000.000,16,8,3,16,0.050,4,2,wait,14966,26168,28823,0.000,0.000,0.000
20260908,1000,2000.000,16,8,3,16,0.050,4,2,replication,2389,2908,18388,0.000,0.000,0.000
20260908,1000,2000.000,16,8,3,16,0.050,4,2,codedllm,2569,19841,25173,76.500,0.000,76.500
20260908,1000,2000.000,16,8,3,16,0.050,4,4,wait,14966,26168,28823,0.000,0.000,0.000
20260908,1000,2000.000,16,8,3,16,0.050,4,4,replication,2389,2908,18388,0.000,0.000,0.000
20260908,1000,2000.000,16,8,3,16,0.050,4,4,codedllm,2569,19841,25173,76.500,0.000,76.500
20260908,1000,2000.000,16,8,3,16,0.050,16,2,wait,14966,26168,28823,0.000,0.000,0.000
20260908,1000,2000.000,16,8,3,16,0.050,16,2,replication,2389,2908,18388,0.000,0.000,0.000
20260908,1000,2000.000,16,8,3,16,0.050,16,2,codedllm,2569,19841,25173,76.500,0.000,76.500
20260908,1000,2000.000,16,8,3,16,0.050,16,4,wait,14966,26168,28823,0.000,0.000,0.000
20260908,1000,2000.000,16,8,3,16,0.050,16,4,replication,2389,2908,18388,0.000,0.000,0.000
20260908,1000,2000.000,16,8,3,16,0.050,16,4,codedllm,2569,19841,25173,76.500,0.000,76.500
20260908,1000,2000.000,16,4,3,16,0.100,1,2,wait,20361,27233,29715,0.000,0.000,0.000
20260908,1000,2000.000,16,4,3,16,0.100,1,2,replication,2462,18649,21769,0.000,0.000,0.000
20260908,1000,2000.000,16,4,3,16,0.100,1,2,codedllm,18371,26675,28904,27.300,55.600,27.300
20260908,1000,2000.000,16,4,3,16,0.100,1,4,wait,20361,27233,29715,0.000,0.000,0.000
20260908,1000,2000.000,16,4,3,16,0.100,1,4,replication,2462,18649,21769,0.000,0.000,0.000
20260908,1000,2000.000,16,4,3,16,0.100,1,4,codedllm,18371,26675,28904,27.300,55.600,27.300
20260908,1000,2000.000,16,4,3,16,0.100,4,2,wait,20361,27233,29715,0.000,0.000,0.000
20260908,1000,2000.000,16,4,3,16,0.100,4,2,replication,2462,18649,21769,0.000,0.000,0.000
20260908,1000,2000.000,16,4,3,16,0.100,4,2,codedllm,3372,25562,27908,59.800,0.000,59.800
20260908,1000,2000.000,16,4,3,16,0.100,4,4,wait,20361,27233,29715,0.000,0.000,0.000
20260908,1000,2000.000,16,4,3,16,0.100,4,4,replication,2462,18649,21769,0.000,0.000,0.000
20260908,1000,2000.000,16,4,3,16,0.100,4,4,codedllm,3372,25562,27908,59.900,0.000,59.900
20260908,1000,2000.000,16,4,3,16,0.100,16,2,wait,20361,27233,29715,0.000,0.000,0.000
20260908,1000,2000.000,16,4,3,16,0.100,16,2,replication,2462,18649,21769,0.000,0.000,0.000
20260908,1000,2000.000,16,4,3,16,0.100,16,2,codedllm,3372,25562,27908,59.800,0.000,59.800
20260908,1000,2000.000,16,4,3,16,0.100,16,4,wait,20361,27233,29715,0.000,0.000,0.000
20260908,1000,2000.000,16,4,3,16,0.100,16,4,replication,2462,18649,21769,0.000,0.000,0.000
20260908,1000,2000.000,16,4,3,16,0.100,16,4,codedllm,3372,25562,27908,59.900,0.000,59.900
20260908,1000,2000.000,16,8,3,16,0.100,1,2,wait,20662,27213,29715,0.000,0.000,0.000
20260908,1000,2000.000,16,8,3,16,0.100,1,2,replication,2458,18425,22029,0.000,0.000,0.000
20260908,1000,2000.000,16,8,3,16,0.100,1,2,codedllm,17921,26655,29080,30.100,63.000,30.100
20260908,1000,2000.000,16,8,3,16,0.100,1,4,wait,20662,27213,29715,0.000,0.000,0.000
20260908,1000,2000.000,16,8,3,16,0.100,1,4,replication,2458,18425,22029,0.000,0.000,0.000
20260908,1000,2000.000,16,8,3,16,0.100,1,4,codedllm,17921,26655,29080,30.100,63.000,30.100
20260908,1000,2000.000,16,8,3,16,0.100,4,2,wait,20662,27213,29715,0.000,0.000,0.000
20260908,1000,2000.000,16,8,3,16,0.100,4,2,replication,2458,18425,22029,0.000,0.000,0.000
20260908,1000,2000.000,16,8,3,16,0.100,4,2,codedllm,2691,22837,26254,79.300,0.100,79.300
20260908,1000,2000.000,16,8,3,16,0.100,4,4,wait,20662,27213,29715,0.000,0.000,0.000
20260908,1000,2000.000,16,8,3,16,0.100,4,4,replication,2458,18425,22029,0.000,0.000,0.000
20260908,1000,2000.000,16,8,3,16,0.100,4,4,codedllm,2691,22837,26254,79.300,0.100,79.300
20260908,1000,2000.000,16,8,3,16,0.100,16,2,wait,20662,27213,29715,0.000,0.000,0.000
20260908,1000,2000.000,16,8,3,16,0.100,16,2,replication,2458,18425,22029,0.000,0.000,0.000
20260908,1000,2000.000,16,8,3,16,0.100,16,2,codedllm,2691,22837,26254,79.400,0.000,79.400
20260908,1000,2000.000,16,8,3,16,0.100,16,4,wait,20662,27213,29715,0.000,0.000,0.000
20260908,1000,2000.000,16,8,3,16,0.100,16,4,replication,2458,18425,22029,0.000,0.000,0.000
20260908,1000,2000.000,16,8,3,16,0.100,16,4,codedllm,2691,22837,26254,79.400,0.000,79.400
20260909,1000,2000.000,16,4,3,16,0.010,1,2,wait,2746,22806,26819,0.000,0.000,0.000
20260909,1000,2000.000,16,4,3,16,0.010,1,2,replication,2337,2697,2901,0.000,0.000,0.000
20260909,1000,2000.000,16,4,3,16,0.010,1,2,codedllm,2687,21512,26250,17.800,39.400,17.800
20260909,1000,2000.000,16,4,3,16,0.010,1,4,wait,2746,22806,26819,0.000,0.000,0.000
20260909,1000,2000.000,16,4,3,16,0.010,1,4,replication,2337,2697,2901,0.000,0.000,0.000
20260909,1000,2000.000,16,4,3,16,0.010,1,4,codedllm,2687,21512,26250,17.800,39.400,17.800
20260909,1000,2000.000,16,4,3,16,0.010,4,2,wait,2746,22806,26819,0.000,0.000,0.000
20260909,1000,2000.000,16,4,3,16,0.010,4,2,replication,2337,2697,2901,0.000,0.000,0.000
20260909,1000,2000.000,16,4,3,16,0.010,4,2,codedllm,2668,20578,26052,28.900,0.000,28.900
20260909,1000,2000.000,16,4,3,16,0.010,4,4,wait,2746,22806,26819,0.000,0.000,0.000
20260909,1000,2000.000,16,4,3,16,0.010,4,4,replication,2337,2697,2901,0.000,0.000,0.000
20260909,1000,2000.000,16,4,3,16,0.010,4,4,codedllm,2668,20578,26052,29.000,0.000,29.000
20260909,1000,2000.000,16,4,3,16,0.010,16,2,wait,2746,22806,26819,0.000,0.000,0.000
20260909,1000,2000.000,16,4,3,16,0.010,16,2,replication,2337,2697,2901,0.000,0.000,0.000
20260909,1000,2000.000,16,4,3,16,0.010,16,2,codedllm,2668,20578,26052,28.900,0.000,28.900
20260909,1000,2000.000,16,4,3,16,0.010,16,4,wait,2746,22806,26819,0.000,0.000,0.000
20260909,1000,2000.000,16,4,3,16,0.010,16,4,replication,2337,2697,2901,0.000,0.000,0.000
20260909,1000,2000.000,16,4,3,16,0.010,16,4,codedllm,2668,20578,26052,29.000,0.000,29.000
20260909,1000,2000.000,16,8,3,16,0.010,1,2,wait,2748,22259,26012,0.000,0.000,0.000
20260909,1000,2000.000,16,8,3,16,0.010,1,2,replication,2336,2724,2981,0.000,0.000,0.000
20260909,1000,2000.000,16,8,3,16,0.010,1,2,codedllm,2643,21069,25063,28.600,60.100,28.600
20260909,1000,2000.000,16,8,3,16,0.010,1,4,wait,2748,22259,26012,0.000,0.000,0.000
20260909,1000,2000.000,16,8,3,16,0.010,1,4,replication,2336,2724,2981,0.000,0.000,0.000
20260909,1000,2000.000,16,8,3,16,0.010,1,4,codedllm,2643,21069,25063,28.600,60.100,28.600
20260909,1000,2000.000,16,8,3,16,0.010,4,2,wait,2748,22259,26012,0.000,0.000,0.000
20260909,1000,2000.000,16,8,3,16,0.010,4,2,replication,2336,2724,2981,0.000,0.000,0.000
20260909,1000,2000.000,16,8,3,16,0.010,4,2,codedllm,2515,3070,23053,68.000,0.000,68.000
20260909,1000,2000.000,16,8,3,16,0.010,4,4,wait,2748,22259,26012,0.000,0.000,0.000
20260909,1000,2000.000,16,8,3,16,0.010,4,4,replication,2336,2724,2981,0.000,0.000,0.000
20260909,1000,2000.000,16,8,3,16,0.010,4,4,codedllm,2513,3070,23053,68.100,0.000,68.100
20260909,1000,2000.000,16,8,3,16,0.010,16,2,wait,2748,22259,26012,0.000,0.000,0.000
20260909,1000,2000.000,16,8,3,16,0.010,16,2,replication,2336,2724,2981,0.000,0.000,0.000
20260909,1000,2000.000,16,8,3,16,0.010,16,2,codedllm,2515,3070,23053,68.000,0.000,68.000
20260909,1000,2000.000,16,8,3,16,0.010,16,4,wait,2748,22259,26012,0.000,0.000,0.000
20260909,1000,2000.000,16,8,3,16,0.010,16,4,replication,2336,2724,2981,0.000,0.000,0.000
20260909,1000,2000.000,16,8,3,16,0.010,16,4,codedllm,2513,3070,23053,68.100,0.000,68.100
20260909,1000,2000.000,16,4,3,16,0.050,1,2,wait,15267,26250,28582,0.000,0.000,0.000
20260909,1000,2000.000,16,4,3,16,0.050,1,2,replication,2398,2978,19511,0.000,0.000,0.000
20260909,1000,2000.000,16,4,3,16,0.050,1,2,codedllm,3052,25872,28398,20.100,43.200,20.100
20260909,1000,2000.000,16,4,3,16,0.050,1,4,wait,15267,26250,28582,0.000,0.000,0.000
20260909,1000,2000.000,16,4,3,16,0.050,1,4,replication,2398,2978,19511,0.000,0.000,0.000
20260909,1000,2000.000,16,4,3,16,0.050,1,4,codedllm,3052,25872,28398,20.100,43.200,20.100
20260909,1000,2000.000,16,4,3,16,0.050,4,2,wait,15267,26250,28582,0.000,0.000,0.000
20260909,1000,2000.000,16,4,3,16,0.050,4,2,replication,2398,2978,19511,0.000,0.000,0.000
20260909,1000,2000.000,16,4,3,16,0.050,4,2,codedllm,2870,25554,28035,35.300,0.000,35.300
20260909,1000,2000.000,16,4,3,16,0.050,4,4,wait,15267,26250,28582,0.000,0.000,0.000
20260909,1000,2000.000,16,4,3,16,0.050,4,4,replication,2398,2978,19511,0.000,0.000,0.000
20260909,1000,2000.000,16,4,3,16,0.050,4,4,codedllm,2870,25554,28035,35.400,0.000,35.400
20260909,1000,2000.000,16,4,3,16,0.050,16,2,wait,15267,26250,28582,0.000,0.000,0.000
20260909,1000,2000.000,16,4,3,16,0.050,16,2,replication,2398,2978,19511,0.000,0.000,0.000
20260909,1000,2000.000,16,4,3,16,0.050,16,2,codedllm,2870,25554,28035,35.300,0.000,35.300
20260909,1000,2000.000,16,4,3,16,0.050,16,4,wait,15267,26250,28582,0.000,0.000,0.000
20260909,1000,2000.000,16,4,3,16,0.050,16,4,replication,2398,2978,19511,0.000,0.000,0.000
20260909,1000,2000.000,16,4,3,16,0.050,16,4,codedllm,2870,25554,28035,35.400,0.000,35.400
20260909,1000,2000.000,16,8,3,16,0.050,1,2,wait,15354,26108,28398,0.000,0.000,0.000
20260909,1000,2000.000,16,8,3,16,0.050,1,2,replication,2401,2938,20003,0.000,0.000,0.000
20260909,1000,2000.000,16,8,3,16,0.050,1,2,codedllm,2822,25620,28398,28.300,62.800,28.300
20260909,1000,2000.000,16,8,3,16,0.050,1,4,wait,15354,26108,28398,0.000,0.000,0.000
20260909,1000,2000.000,16,8,3,16,0.050,1,4,replication,2401,2938,20003,0.000,0.000,0.000
20260909,1000,2000.000,16,8,3,16,0.050,1,4,codedllm,2822,25620,28398,28.300,62.800,28.300
20260909,1000,2000.000,16,8,3,16,0.050,4,2,wait,15354,26108,28398,0.000,0.000,0.000
20260909,1000,2000.000,16,8,3,16,0.050,4,2,replication,2401,2938,20003,0.000,0.000,0.000
20260909,1000,2000.000,16,8,3,16,0.050,4,2,codedllm,2600,21920,26733,71.800,0.000,71.800
20260909,1000,2000.000,16,8,3,16,0.050,4,4,wait,15354,26108,28398,0.000,0.000,0.000
20260909,1000,2000.000,16,8,3,16,0.050,4,4,replication,2401,2938,20003,0.000,0.000,0.000
20260909,1000,2000.000,16,8,3,16,0.050,4,4,codedllm,2600,21920,26733,71.900,0.000,71.900
20260909,1000,2000.000,16,8,3,16,0.050,16,2,wait,15354,26108,28398,0.000,0.000,0.000
20260909,1000,2000.000,16,8,3,16,0.050,16,2,replication,2401,2938,20003,0.000,0.000,0.000
20260909,1000,2000.000,16,8,3,16,0.050,16,2,codedllm,2600,21920,26733,71.800,0.000,71.800
20260909,1000,2000.000,16,8,3,16,0.050,16,4,wait,15354,26108,28398,0.000,0.000,0.000
20260909,1000,2000.000,16,8,3,16,0.050,16,4,replication,2401,2938,20003,0.000,0.000,0.000
20260909,1000,2000.000,16,8,3,16,0.050,16,4,codedllm,2600,21920,26733,71.900,0.000,71.900
20260909,1000,2000.000,16,4,3,16,0.100,1,2,wait,20919,27056,29246,0.000,0.000,0.000
20260909,1000,2000.000,16,4,3,16,0.100,1,2,replication,2474,19585,22997,0.000,0.000,0.000
20260909,1000,2000.000,16,4,3,16,0.100,1,2,codedllm,19410,26705,29180,23.100,47.100,23.100
20260909,1000,2000.000,16,4,3,16,0.100,1,4,wait,20919,27056,29246,0.000,0.000,0.000
20260909,1000,2000.000,16,4,3,16,0.100,1,4,replication,2474,19585,22997,0.000,0.000,0.000
20260909,1000,2000.000,16,4,3,16,0.100,1,4,codedllm,19410,26705,29180,23.100,47.100,23.100
20260909,1000,2000.000,16,4,3,16,0.100,4,2,wait,20919,27056,29246,0.000,0.000,0.000
20260909,1000,2000.000,16,4,3,16,0.100,4,2,replication,2474,19585,22997,0.000,0.000,0.000
20260909,1000,2000.000,16,4,3,16,0.100,4,2,codedllm,17295,26294,28638,41.300,0.000,41.300
20260909,1000,2000.000,16,4,3,16,0.100,4,4,wait,20919,27056,29246,0.000,0.000,0.000
20260909,1000,2000.000,16,4,3,16,0.100,4,4,replication,2474,19585,22997,0.000,0.000,0.000
20260909,1000,2000.000,16,4,3,16,0.100,4,4,codedllm,17295,26294,28638,41.300,0.000,41.300
20260909,1000,2000.000,16,4,3,16,0.100,16,2,wait,20919,27056,29246,0.000,0.000,0.000
20260909,1000,2000.000,16,4,3,16,0.100,16,2,replication,2474,19585,22997,0.000,0.000,0.000
20260909,1000,2000.000,16,4,3,16,0.100,16,2,codedllm,17295,26294,28638,41.300,0.000,41.300
20260909,1000,2000.000,16,4,3,16,0.100,16,4,wait,20919,27056,29246,0.000,0.000,0.000
20260909,1000,2000.000,16,4,3,16,0.100,16,4,replication,2474,19585,22997,0.000,0.000,0.000
20260909,1000,2000.000,16,4,3,16,0.100,16,4,codedllm,17295,26294,28638,41.300,0.000,41.300
20260909,1000,2000.000,16,8,3,16,0.100,1,2,wait,20860,27061,29908,0.000,0.000,0.000
20260909,1000,2000.000,16,8,3,16,0.100,1,2,replication,2465,18887,22795,0.000,0.000,0.000
20260909,1000,2000.000,16,8,3,16,0.100,1,2,codedllm,17785,26717,29621,29.800,62.300,29.800
20260909,1000,2000.000,16,8,3,16,0.100,1,4,wait,20860,27061,29908,0.000,0.000,0.000
20260909,1000,2000.000,16,8,3,16,0.100,1,4,replication,2465,18887,22795,0.000,0.000,0.000
20260909,1000,2000.000,16,8,3,16,0.100,1,4,codedllm,17785,26717,29621,29.800,62.300,29.800
20260909,1000,2000.000,16,8,3,16,0.100,4,2,wait,20860,27061,29908,0.000,0.000,0.000
20260909,1000,2000.000,16,8,3,16,0.100,4,2,replication,2465,18887,22795,0.000,0.000,0.000
20260909,1000,2000.000,16,8,3,16,0.100,4,2,codedllm,2713,24214,27427,76.400,0.000,76.400
20260909,1000,2000.000,16,8,3,16,0.100,4,4,wait,20860,27061,29908,0.000,0.000,0.000
20260909,1000,2000.000,16,8,3,16,0.100,4,4,replication,2465,18887,22795,0.000,0.000,0.000
20260909,1000,2000.000,16,8,3,16,0.100,4,4,codedllm,2713,24214,27427,76.400,0.000,76.400
20260909,1000,2000.000,16,8,3,16,0.100,16,2,wait,20860,27061,29908,0.000,0.000,0.000
20260909,1000,2000.000,16,8,3,16,0.100,16,2,replication,2465,18887,22795,0.000,0.000,0.000
20260909,1000,2000.000,16,8,3,16,0.100,16,2,codedllm,2713,24214,27427,76.400,0.000,76.400
20260909,1000,2000.000,16,8,3,16,0.100,16,4,wait,20860,27061,29908,0.000,0.000,0.000
20260909,1000,2000.000,16,8,3,16,0.100,16,4,replication,2465,18887,22795,0.000,0.000,0.000
20260909,1000,2000.000,16,8,3,16,0.100,16,4,codedllm,2713,24214,27427,76.400,0.000,76.400
20260910,1000,2000.000,16,4,3,16,0.010,1,2,wait,2740,22330,25718,0.000,0.000,0.000
20260910,1000,2000.000,16,4,3,16,0.010,1,2,replication,2338,2683,2931,0.000,0.000,0.000
20260910,1000,2000.000,16,4,3,16,0.010,1,2,codedllm,2689,21578,25268,21.200,44.400,21.200
20260910,1000,2000.000,16,4,3,16,0.010,1,4,wait,2740,22330,25718,0.000,0.000,0.000
20260910,1000,2000.000,16,4,3,16,0.010,1,4,replication,2338,2683,2931,0.000,0.000,0.000
20260910,1000,2000.000,16,4,3,16,0.010,1,4,codedllm,2689,21578,25268,21.200,44.400,21.200
20260910,1000,2000.000,16,4,3,16,0.010,4,2,wait,2740,22330,25718,0.000,0.000,0.000
20260910,1000,2000.000,16,4,3,16,0.010,4,2,replication,2338,2683,2931,0.000,0.000,0.000
20260910,1000,2000.000,16,4,3,16,0.010,4,2,codedllm,2651,17929,24531,39.000,0.000,39.000
20260910,1000,2000.000,16,4,3,16,0.010,4,4,wait,2740,22330,25718,0.000,0.000,0.000
20260910,1000,2000.000,16,4,3,16,0.010,4,4,replication,2338,2683,2931,0.000,0.000,0.000
20260910,1000,2000.000,16,4,3,16,0.010,4,4,codedllm,2651,17929,24531,39.000,0.000,39.000
20260910,1000,2000.000,16,4,3,16,0.010,16,2,wait,2740,22330,25718,0.000,0.000,0.000
20260910,1000,2000.000,16,4,3,16,0.010,16,2,replication,2338,2683,2931,0.000,0.000,0.000
20260910,1000,2000.000,16,4,3,16,0.010,16,2,codedllm,2651,17929,24531,39.000,0.000,39.000
20260910,1000,2000.000,16,4,3,16,0.010,16,4,wait,2740,22330,25718,0.000,0.000,0.000
20260910,1000,2000.000,16,4,3,16,0.010,16,4,replication,2338,2683,2931,0.000,0.000,0.000
20260910,1000,2000.000,16,4,3,16,0.010,16,4,codedllm,2651,17929,24531,39.000,0.000,39.000
20260910,1000,2000.000,16,8,3,16,0.010,1,2,wait,2753,22280,25718,0.000,0.000,0.000
20260910,1000,2000.000,16,8,3,16,0.010,1,2,replication,2330,2661,2931,0.000,0.000,0.000
20260910,1000,2000.000,16,8,3,16,0.010,1,2,codedllm,2641,21590,25131,29.500,59.400,29.500
20260910,1000,2000.000,16,8,3,16,0.010,1,4,wait,2753,22280,25718,0.000,0.000,0.000
20260910,1000,2000.000,16,8,3,16,0.010,1,4,replication,2330,2661,2931,0.000,0.000,0.000
20260910,1000,2000.000,16,8,3,16,0.010,1,4,codedllm,2641,21590,25131,29.500,59.400,29.500
20260910,1000,2000.000,16,8,3,16,0.010,4,2,wait,2753,22280,25718,0.000,0.000,0.000
20260910,1000,2000.000,16,8,3,16,0.010,4,2,replication,2330,2661,2931,0.000,0.000,0.000
20260910,1000,2000.000,16,8,3,16,0.010,4,2,codedllm,2521,2988,22815,68.500,0.000,68.500
20260910,1000,2000.000,16,8,3,16,0.010,4,4,wait,2753,22280,25718,0.000,0.000,0.000
20260910,1000,2000.000,16,8,3,16,0.010,4,4,replication,2330,2661,2931,0.000,0.000,0.000
20260910,1000,2000.000,16,8,3,16,0.010,4,4,codedllm,2521,2988,22815,68.500,0.000,68.500
20260910,1000,2000.000,16,8,3,16,0.010,16,2,wait,2753,22280,25718,0.000,0.000,0.000
20260910,1000,2000.000,16,8,3,16,0.010,16,2,replication,2330,2661,2931,0.000,0.000,0.000
20260910,1000,2000.000,16,8,3,16,0.010,16,2,codedllm,2521,2988,22815,68.500,0.000,68.500
20260910,1000,2000.000,16,8,3,16,0.010,16,4,wait,2753,22280,25718,0.000,0.000,0.000
20260910,1000,2000.000,16,8,3,16,0.010,16,4,replication,2330,2661,2931,0.000,0.000,0.000
20260910,1000,2000.000,16,8,3,16,0.010,16,4,codedllm,2521,2988,22815,68.500,0.000,68.500
20260910,1000,2000.000,16,4,3,16,0.050,1,2,wait,16054,26420,29364,0.000,0.000,0.000
20260910,1000,2000.000,16,4,3,16,0.050,1,2,replication,2395,2997,20531,0.000,0.000,0.000
20260910,1000,2000.000,16,4,3,16,0.050,1,2,codedllm,2968,25992,28971,23.900,50.500,23.900
20260910,1000,2000.000,16,4,3,16,0.050,1,4,wait,16054,26420,29364,0.000,0.000,0.000
20260910,1000,2000.000,16,4,3,16,0.050,1,4,replication,2395,2997,20531,0.000,0.000,0.000
20260910,1000,2000.000,16,4,3,16,0.050,1,4,codedllm,2968,25992,28971,23.900,50.500,23.900
20260910,1000,2000.000,16,4,3,16,0.050,4,2,wait,16054,26420,29364,0.000,0.000,0.000
20260910,1000,2000.000,16,4,3,16,0.050,4,2,replication,2395,2997,20531,0.000,0.000,0.000
20260910,1000,2000.000,16,4,3,16,0.050,4,2,codedllm,2792,25223,28857,48.500,0.000,48.500
20260910,1000,2000.000,16,4,3,16,0.050,4,4,wait,16054,26420,29364,0.000,0.000,0.000
20260910,1000,2000.000,16,4,3,16,0.050,4,4,replication,2395,2997,20531,0.000,0.000,0.000
20260910,1000,2000.000,16,4,3,16,0.050,4,4,codedllm,2792,25223,28857,48.500,0.000,48.500
20260910,1000,2000.000,16,4,3,16,0.050,16,2,wait,16054,26420,29364,0.000,0.000,0.000
20260910,1000,2000.000,16,4,3,16,0.050,16,2,replication,2395,2997,20531,0.000,0.000,0.000
20260910,1000,2000.000,16,4,3,16,0.050,16,2,codedllm,2792,25223,28857,48.500,0.000,48.500
20260910,1000,2000.000,16,4,3,16,0.050,16,4,wait,16054,26420,29364,0.000,0.000,0.000
20260910,1000,2000.000,16,4,3,16,0.050,16,4,replication,2395,2997,20531,0.000,0.000,0.000
20260910,1000,2000.000,16,4,3,16,0.050,16,4,codedllm,2792,25223,28857,48.500,0.000,48.500
20260910,1000,2000.000,16,8,3,16,0.050,1,2,wait,15401,26211,29279,0.000,0.000,0.000
20260910,1000,2000.000,16,8,3,16,0.050,1,2,replication,2386,2920,19750,0.000,0.000,0.000
20260910,1000,2000.000,16,8,3,16,0.050,1,2,codedllm,2827,25145,29279,29.100,60.900,29.100
20260910,1000,2000.000,16,8,3,16,0.050,1,4,wait,15401,26211,29279,0.000,0.000,0.000
20260910,1000,2000.000,16,8,3,16,0.050,1,4,replication,2386,2920,19750,0.000,0.000,0.000
20260910,1000,2000.000,16,8,3,16,0.050,1,4,codedllm,2827,25145,29279,29.100,60.900,29.100
20260910,1000,2000.000,16,8,3,16,0.050,4,2,wait,15401,26211,29279,0.000,0.000,0.000
20260910,1000,2000.000,16,8,3,16,0.050,4,2,replication,2386,2920,19750,0.000,0.000,0.000
20260910,1000,2000.000,16,8,3,16,0.050,4,2,codedllm,2605,21421,25539,72.400,0.000,72.400
20260910,1000,2000.000,16,8,3,16,0.050,4,4,wait,15401,26211,29279,0.000,0.000,0.000
20260910,1000,2000.000,16,8,3,16,0.050,4,4,replication,2386,2920,19750,0.000,0.000,0.000
20260910,1000,2000.000,16,8,3,16,0.050,4,4,codedllm,2605,21421,25539,72.500,0.000,72.500
20260910,1000,2000.000,16,8,3,16,0.050,16,2,wait,15401,26211,29279,0.000,0.000,0.000
20260910,1000,2000.000,16,8,3,16,0.050,16,2,replication,2386,2920,19750,0.000,0.000,0.000
20260910,1000,2000.000,16,8,3,16,0.050,16,2,codedllm,2605,21421,25539,72.400,0.000,72.400
20260910,1000,2000.000,16,8,3,16,0.050,16,4,wait,15401,26211,29279,0.000,0.000,0.000
20260910,1000,2000.000,16,8,3,16,0.050,16,4,replication,2386,2920,19750,0.000,0.000,0.000
20260910,1000,2000.000,16,8,3,16,0.050,16,4,codedllm,2605,21421,25539,72.500,0.000,72.500
20260910,1000,2000.000,16,4,3,16,0.100,1,2,wait,20561,27345,30148,0.000,0.000,0.000
20260910,1000,2000.000,16,4,3,16,0.100,1,2,replication,2483,19250,22198,0.000,0.000,0.000
20260910,1000,2000.000,16,4,3,16,0.100,1,2,codedllm,19229,26696,29913,25.100,52.500,25.100
20260910,1000,2000.000,16,4,3,16,0.100,1,4,wait,20561,27345,30148,0.000,0.000,0.000
20260910,1000,2000.000,16,4,3,16,0.100,1,4,replication,2483,19250,22198,0.000,0.000,0.000
20260910,1000,2000.000,16,4,3,16,0.100,1,4,codedllm,19229,26696,29913,25.100,52.500,25.100
20260910,1000,2000.000,16,4,3,16,0.100,4,2,wait,20561,27345,30148,0.000,0.000,0.000
20260910,1000,2000.000,16,4,3,16,0.100,4,2,replication,2483,19250,22198,0.000,0.000,0.000
20260910,1000,2000.000,16,4,3,16,0.100,4,2,codedllm,15206,25457,28906,52.500,0.000,52.500
20260910,1000,2000.000,16,4,3,16,0.100,4,4,wait,20561,27345,30148,0.000,0.000,0.000
20260910,1000,2000.000,16,4,3,16,0.100,4,4,replication,2483,19250,22198,0.000,0.000,0.000
20260910,1000,2000.000,16,4,3,16,0.100,4,4,codedllm,15206,25457,28906,52.500,0.000,52.500
20260910,1000,2000.000,16,4,3,16,0.100,16,2,wait,20561,27345,30148,0.000,0.000,0.000
20260910,1000,2000.000,16,4,3,16,0.100,16,2,replication,2483,19250,22198,0.000,0.000,0.000
20260910,1000,2000.000,16,4,3,16,0.100,16,2,codedllm,15206,25457,28906,52.500,0.000,52.500
20260910,1000,2000.000,16,4,3,16,0.100,16,4,wait,20561,27345,30148,0.000,0.000,0.000
20260910,1000,2000.000,16,4,3,16,0.100,16,4,replication,2483,19250,22198,0.000,0.000,0.000
20260910,1000,2000.000,16,4,3,16,0.100,16,4,codedllm,15206,25457,28906,52.500,0.000,52.500
20260910,1000,2000.000,16,8,3,16,0.100,1,2,wait,20561,27434,30148,0.000,0.000,0.000
20260910,1000,2000.000,16,8,3,16,0.100,1,2,replication,2480,19013,21712,0.000,0.000,0.000
20260910,1000,2000.000,16,8,3,16,0.100,1,2,codedllm,18212,26811,29298,29.600,63.300,29.600
20260910,1000,2000.000,16,8,3,16,0.100,1,4,wait,20561,27434,30148,0.000,0.000,0.000
20260910,1000,2000.000,16,8,3,16,0.100,1,4,replication,2480,19013,21712,0.000,0.000,0.000
20260910,1000,2000.000,16,8,3,16,0.100,1,4,codedllm,18212,26811,29298,29.600,63.300,29.600
20260910,1000,2000.000,16,8,3,16,0.100,4,2,wait,20561,27434,30148,0.000,0.000,0.000
20260910,1000,2000.000,16,8,3,16,0.100,4,2,replication,2480,19013,21712,0.000,0.000,0.000
20260910,1000,2000.000,16,8,3,16,0.100,4,2,codedllm,2730,23456,26084,78.900,0.000,78.900
20260910,1000,2000.000,16,8,3,16,0.100,4,4,wait,20561,27434,30148,0.000,0.000,0.000
20260910,1000,2000.000,16,8,3,16,0.100,4,4,replication,2480,19013,21712,0.000,0.000,0.000
20260910,1000,2000.000,16,8,3,16,0.100,4,4,codedllm,2730,23456,26084,78.900,0.000,78.900
20260910,1000,2000.000,16,8,3,16,0.100,16,2,wait,20561,27434,30148,0.000,0.000,0.000
20260910,1000,2000.000,16,8,3,16,0.100,16,2,replication,2480,19013,21712,0.000,0.000,0.000
20260910,1000,2000.000,16,8,3,16,0.100,16,2,codedllm,2730,23456,26084,78.900,0.000,78.900
20260910,1000,2000.000,16,8,3,16,0.100,16,4,wait,20561,27434,30148,0.000,0.000,0.000
20260910,1000,2000.000,16,8,3,16,0.100,16,4,replication,2480,19013,21712,0.000,0.000,0.000
20260910,1000,2000.000,16,8,3,16,0.100,16,4,codedllm,2730,23456,26084,78.900,0.000,78.900
20260911,1000,2000.000,16,4,3,16,0.010,1,2,wait,2734,22228,26454,0.000,0.000,0.000
20260911,1000,2000.000,16,4,3,16,0.010,1,2,replication,2341,2681,2853,0.000,0.000,0.000
20260911,1000,2000.000,16,4,3,16,0.010,1,2,codedllm,2668,20725,25936,23.000,51.500,23.000
20260911,1000,2000.000,16,4,3,16,0.010,1,4,wait,2734,22228,26454,0.000,0.000,0.000
20260911,1000,2000.000,16,4,3,16,0.010,1,4,replication,2341,2681,2853,0.000,0.000,0.000
20260911,1000,2000.000,16,4,3,16,0.010,1,4,codedllm,2668,20725,25936,23.000,51.500,23.000
20260911,1000,2000.000,16,4,3,16,0.010,4,2,wait,2734,22228,26454,0.000,0.000,0.000
20260911,1000,2000.000,16,4,3,16,0.010,4,2,replication,2341,2681,2853,0.000,0.000,0.000
20260911,1000,2000.000,16,4,3,16,0.010,4,2,codedllm,2623,17335,24299,44.700,0.000,44.700
20260911,1000,2000.000,16,4,3,16,0.010,4,4,wait,2734,22228,26454,0.000,0.000,0.000
20260911,1000,2000.000,16,4,3,16,0.010,4,4,replication,2341,2681,2853,0.000,0.000,0.000
20260911,1000,2000.000,16,4,3,16,0.010,4,4,codedllm,2623,17335,24299,44.700,0.000,44.700
20260911,1000,2000.000,16,4,3,16,0.010,16,2,wait,2734,22228,26454,0.000,0.000,0.000
20260911,1000,2000.000,16,4,3,16,0.010,16,2,replication,2341,2681,2853,0.000,0.000,0.000
20260911,1000,2000.000,16,4,3,16,0.010,16,2,codedllm,2623,17335,24299,44.700,0.000,44.700
20260911,1000,2000.000,16,4,3,16,0.010,16,4,wait,2734,22228,26454,0.000,0.000,0.000
20260911,1000,2000.000,16,4,3,16,0.010,16,4,replication,2341,2681,2853,0.000,0.000,0.000
20260911,1000,2000.000,16,4,3,16,0.010,16,4,codedllm,2623,17335,24299,44.700,0.000,44.700
20260911,1000,2000.000,16,8,3,16,0.010,1,2,wait,2722,22072,26309,0.000,0.000,0.000
20260911,1000,2000.000,16,8,3,16,0.010,1,2,replication,2336,2671,2848,0.000,0.000,0.000
20260911,1000,2000.000,16,8,3,16,0.010,1,2,codedllm,2619,20186,25921,27.800,60.500,27.800
20260911,1000,2000.000,16,8,3,16,0.010,1,4,wait,2722,22072,26309,0.000,0.000,0.000
20260911,1000,2000.000,16,8,3,16,0.010,1,4,replication,2336,2671,2848,0.000,0.000,0.000
20260911,1000,2000.000,16,8,3,16,0.010,1,4,codedllm,2619,20186,25921,27.800,60.500,27.800
20260911,1000,2000.000,16,8,3,16,0.010,4,2,wait,2722,22072,26309,0.000,0.000,0.000
20260911,1000,2000.000,16,8,3,16,0.010,4,2,replication,2336,2671,2848,0.000,0.000,0.000
20260911,1000,2000.000,16,8,3,16,0.010,4,2,codedllm,2503,2958,20317,71.000,0.100,71.000
20260911,1000,2000.000,16,8,3,16,0.010,4,4,wait,2722,22072,26309,0.000,0.000,0.000
20260911,1000,2000.000,16,8,3,16,0.010,4,4,replication,2336,2671,2848,0.000,0.000,0.000
20260911,1000,2000.000,16,8,3,16,0.010,4,4,codedllm,2502,2958,20317,71.100,0.100,71.100
20260911,1000,2000.000,16,8,3,16,0.010,16,2,wait,2722,22072,26309,0.000,0.000,0.000
20260911,1000,2000.000,16,8,3,16,0.010,16,2,replication,2336,2671,2848,0.000,0.000,0.000
20260911,1000,2000.000,16,8,3,16,0.010,16,2,codedllm,2503,2958,20317,71.000,0.000,71.000
20260911,1000,2000.000,16,8,3,16,0.010,16,4,wait,2722,22072,26309,0.000,0.000,0.000
20260911,1000,2000.000,16,8,3,16,0.010,16,4,replication,2336,2671,2848,0.000,0.000,0.000
20260911,1000,2000.000,16,8,3,16,0.010,16,4,codedllm,2502,2958,20317,71.100,0.000,71.100
20260911,1000,2000.000,16,4,3,16,0.050,1,2,wait,15110,26137,29360,0.000,0.000,0.000
20260911,1000,2000.000,16,4,3,16,0.050,1,2,replication,2386,2952,20589,0.000,0.000,0.000
20260911,1000,2000.000,16,4,3,16,0.050,1,2,codedllm,2898,25495,28885,23.100,51.900,23.100
20260911,1000,2000.000,16,4,3,16,0.050,1,4,wait,15110,26137,29360,0.000,0.000,0.000
20260911,1000,2000.000,16,4,3,16,0.050,1,4,replication,2386,2952,20589,0.000,0.000,0.000
20260911,1000,2000.000,16,4,3,16,0.050,1,4,codedllm,2898,25495,28885,23.100,51.900,23.100
20260911,1000,2000.000,16,4,3,16,0.050,4,2,wait,15110,26137,29360,0.000,0.000,0.000
20260911,1000,2000.000,16,4,3,16,0.050,4,2,replication,2386,2952,20589,0.000,0.000,0.000
20260911,1000,2000.000,16,4,3,16,0.050,4,2,codedllm,2737,24099,27022,48.700,0.000,48.700
20260911,1000,2000.000,16,4,3,16,0.050,4,4,wait,15110,26137,29360,0.000,0.000,0.000
20260911,1000,2000.000,16,4,3,16,0.050,4,4,replication,2386,2952,20589,0.000,0.000,0.000
20260911,1000,2000.000,16,4,3,16,0.050,4,4,codedllm,2737,24099,27022,48.700,0.000,48.700
20260911,1000,2000.000,16,4,3,16,0.050,16,2,wait,15110,26137,29360,0.000,0.000,0.000
20260911,1000,2000.000,16,4,3,16,0.050,16,2,replication,2386,2952,20589,0.000,0.000,0.000
20260911,1000,2000.000,16,4,3,16,0.050,16,2,codedllm,2737,24099,27022,48.700,0.000,48.700
20260911,1000,2000.000,16,4,3,16,0.050,16,4,wait,15110,26137,29360,0.000,0.000,0.000
20260911,1000,2000.000,16,4,3,16,0.050,16,4,replication,2386,2952,20589,0.000,0.000,0.000
20260911,1000,2000.000,16,4,3,16,0.050,16,4,codedllm,2737,24099,27022,48.700,0.000,48.700
20260911,1000,2000.000,16,8,3,16,0.050,1,2,wait,14591,26000,29214,0.000,0.000,0.000
20260911,1000,2000.000,16,8,3,16,0.050,1,2,replication,2386,2952,20049,0.000,0.000,0.000
20260911,1000,2000.000,16,8,3,16,0.050,1,2,codedllm,2798,24832,28015,30.000,63.700,30.000
20260911,1000,2000.000,16,8,3,16,0.050,1,4,wait,14591,26000,29214,0.000,0.000,0.000
20260911,1000,2000.000,16,8,3,16,0.050,1,4,replication,2386,2952,20049,0.000,0.000,0.000
20260911,1000,2000.000,16,8,3,16,0.050,1,4,codedllm,2798,24832,28015,30.000,63.700,30.000
20260911,1000,2000.000,16,8,3,16,0.050,4,2,wait,14591,26000,29214,0.000,0.000,0.000
20260911,1000,2000.000,16,8,3,16,0.050,4,2,replication,2386,2952,20049,0.000,0.000,0.000
20260911,1000,2000.000,16,8,3,16,0.050,4,2,codedllm,2553,19992,24582,79.000,0.700,79.000
20260911,1000,2000.000,16,8,3,16,0.050,4,4,wait,14591,26000,29214,0.000,0.000,0.000
20260911,1000,2000.000,16,8,3,16,0.050,4,4,replication,2386,2952,20049,0.000,0.000,0.000
20260911,1000,2000.000,16,8,3,16,0.050,4,4,codedllm,2553,19992,24582,79.000,0.700,79.000
20260911,1000,2000.000,16,8,3,16,0.050,16,2,wait,14591,26000,29214,0.000,0.000,0.000
20260911,1000,2000.000,16,8,3,16,0.050,16,2,replication,2386,2952,20049,0.000,0.000,0.000
20260911,1000,2000.000,16,8,3,16,0.050,16,2,codedllm,2553,19827,24561,79.500,0.000,79.500
20260911,1000,2000.000,16,8,3,16,0.050,16,4,wait,14591,26000,29214,0.000,0.000,0.000
20260911,1000,2000.000,16,8,3,16,0.050,16,4,replication,2386,2952,20049,0.000,0.000,0.000
20260911,1000,2000.000,16,8,3,16,0.050,16,4,codedllm,2553,19827,24561,79.500,0.000,79.500
20260911,1000,2000.000,16,4,3,16,0.100,1,2,wait,21168,27786,30255,0.000,0.000,0.000
20260911,1000,2000.000,16,4,3,16,0.100,1,2,replication,2484,19330,22735,0.000,0.000,0.000
20260911,1000,2000.000,16,4,3,16,0.100,1,2,codedllm,19732,27141,30101,24.600,55.700,24.600
20260911,1000,2000.000,16,4,3,16,0.100,1,4,wait,21168,27786,30255,0.000,0.000,0.000
20260911,1000,2000.000,16,4,3,16,0.100,1,4,replication,2484,19330,22735,0.000,0.000,0.000
20260911,1000,2000.000,16,4,3,16,0.100,1,4,codedllm,19732,27141,30101,24.600,55.700,24.600
20260911,1000,2000.000,16,4,3,16,0.100,4,2,wait,21168,27786,30255,0.000,0.000,0.000
20260911,1000,2000.000,16,4,3,16,0.100,4,2,replication,2484,19330,22735,0.000,0.000,0.000
20260911,1000,2000.000,16,4,3,16,0.100,4,2,codedllm,14647,25656,29319,56.500,0.000,56.500
20260911,1000,2000.000,16,4,3,16,0.100,4,4,wait,21168,27786,30255,0.000,0.000,0.000
20260911,1000,2000.000,16,4,3,16,0.100,4,4,replication,2484,19330,22735,0.000,0.000,0.000
20260911,1000,2000.000,16,4,3,16,0.100,4,4,codedllm,14647,25656,29319,56.500,0.000,56.500
20260911,1000,2000.000,16,4,3,16,0.100,16,2,wait,21168,27786,30255,0.000,0.000,0.000
20260911,1000,2000.000,16,4,3,16,0.100,16,2,replication,2484,19330,22735,0.000,0.000,0.000
20260911,1000,2000.000,16,4,3,16,0.100,16,2,codedllm,14647,25656,29319,56.500,0.000,56.500
20260911,1000,2000.000,16,4,3,16,0.100,16,4,wait,21168,27786,30255,0.000,0.000,0.000
20260911,1000,2000.000,16,4,3,16,0.100,16,4,replication,2484,19330,22735,0.000,0.000,0.000
20260911,1000,2000.000,16,4,3,16,0.100,16,4,codedllm,14647,25656,29319,56.500,0.000,56.500
20260911,1000,2000.000,16,8,3,16,0.100,1,2,wait,20912,27507,30097,0.000,0.000,0.000
20260911,1000,2000.000,16,8,3,16,0.100,1,2,replication,2469,19495,23026,0.000,0.000,0.000
20260911,1000,2000.000,16,8,3,16,0.100,1,2,codedllm,17535,26525,29380,29.200,65.400,29.200
20260911,1000,2000.000,16,8,3,16,0.100,1,4,wait,20912,27507,30097,0.000,0.000,0.000
20260911,1000,2000.000,16,8,3,16,0.100,1,4,replication,2469,19495,23026,0.000,0.000,0.000
20260911,1000,2000.000,16,8,3,16,0.100,1,4,codedllm,17535,26525,29380,29.200,65.400,29.200
20260911,1000,2000.000,16,8,3,16,0.100,4,2,wait,20912,27507,30097,0.000,0.000,0.000
20260911,1000,2000.000,16,8,3,16,0.100,4,2,replication,2469,19495,23026,0.000,0.000,0.000
20260911,1000,2000.000,16,8,3,16,0.100,4,2,codedllm,2670,23103,26601,81.300,0.000,81.300
20260911,1000,2000.000,16,8,3,16,0.100,4,4,wait,20912,27507,30097,0.000,0.000,0.000
20260911,1000,2000.000,16,8,3,16,0.100,4,4,replication,2469,19495,23026,0.000,0.000,0.000
20260911,1000,2000.000,16,8,3,16,0.100,4,4,codedllm,2667,23103,26601,81.400,0.000,81.400
20260911,1000,2000.000,16,8,3,16,0.100,16,2,wait,20912,27507,30097,0.000,0.000,0.000
20260911,1000,2000.000,16,8,3,16,0.100,16,2,replication,2469,19495,23026,0.000,0.000,0.000
20260911,1000,2000.000,16,8,3,16,0.100,16,2,codedllm,2670,23103,26601,81.300,0.000,81.300
20260911,1000,2000.000,16,8,3,16,0.100,16,4,wait,20912,27507,30097,0.000,0.000,0.000
20260911,1000,2000.000,16,8,3,16,0.100,16,4,replication,2469,19495,23026,0.000,0.000,0.000
20260911,1000,2000.000,16,8,3,16,0.100,16,4,codedllm,2667,23103,26601,81.400,0.000,81.400
20260912,1000,2000.000,16,4,3,16,0.010,1,2,wait,2741,22268,26994,0.000,0.000,0.000
20260912,1000,2000.000,16,4,3,16,0.010,1,2,replication,2336,2656,2913,0.000,0.000,0.000
20260912,1000,2000.000,16,4,3,16,0.010,1,2,codedllm,2684,20487,25355,21.900,46.200,21.900
20260912,1000,2000.000,16,4,3,16,0.010,1,4,wait,2741,22268,26994,0.000,0.000,0.000
20260912,1000,2000.000,16,4,3,16,0.010,1,4,replication,2336,2656,2913,0.000,0.000,0.000
20260912,1000,2000.000,16,4,3,16,0.010,1,4,codedllm,2684,20487,25355,21.900,46.200,21.900
20260912,1000,2000.000,16,4,3,16,0.010,4,2,wait,2741,22268,26994,0.000,0.000,0.000
20260912,1000,2000.000,16,4,3,16,0.010,4,2,replication,2336,2656,2913,0.000,0.000,0.000
20260912,1000,2000.000,16,4,3,16,0.010,4,2,codedllm,2640,17880,23201,41.000,0.000,41.000
20260912,1000,2000.000,16,4,3,16,0.010,4,4,wait,2741,22268,26994,0.000,0.000,0.000
20260912,1000,2000.000,16,4,3,16,0.010,4,4,replication,2336,2656,2913,0.000,0.000,0.000
20260912,1000,2000.000,16,4,3,16,0.010,4,4,codedllm,2640,17880,23201,41.000,0.000,41.000
20260912,1000,2000.000,16,4,3,16,0.010,16,2,wait,2741,22268,26994,0.000,0.000,0.000
20260912,1000,2000.000,16,4,3,16,0.010,16,2,replication,2336,2656,2913,0.000,0.000,0.000
20260912,1000,2000.000,16,4,3,16,0.010,16,2,codedllm,2640,17880,23201,41.000,0.000,41.000
20260912,1000,2000.000,16,4,3,16,0.010,16,4,wait,2741,22268,26994,0.000,0.000,0.000
20260912,1000,2000.000,16,4,3,16,0.010,16,4,replication,2336,2656,2913,0.000,0.000,0.000
20260912,1000,2000.000,16,4,3,16,0.010,16,4,codedllm,2640,17880,23201,41.000,0.000,41.000
20260912,1000,2000.000,16,8,3,16,0.010,1,2,wait,2745,22704,26994,0.000,0.000,0.000
20260912,1000,2000.000,16,8,3,16,0.010,1,2,replication,2340,2670,2924,0.000,0.000,0.000
20260912,1000,2000.000,16,8,3,16,0.010,1,2,codedllm,2632,21710,26484,30.300,61.200,30.300
20260912,1000,2000.000,16,8,3,16,0.010,1,4,wait,2745,22704,26994,0.000,0.000,0.000
20260912,1000,2000.000,16,8,3,16,0.010,1,4,replication,2340,2670,2924,0.000,0.000,0.000
20260912,1000,2000.000,16,8,3,16,0.010,1,4,codedllm,2632,21710,26484,30.300,61.200,30.300
20260912,1000,2000.000,16,8,3,16,0.010,4,2,wait,2745,22704,26994,0.000,0.000,0.000
20260912,1000,2000.000,16,8,3,16,0.010,4,2,replication,2340,2670,2924,0.000,0.000,0.000
20260912,1000,2000.000,16,8,3,16,0.010,4,2,codedllm,2496,2949,19128,74.900,0.000,74.900
20260912,1000,2000.000,16,8,3,16,0.010,4,4,wait,2745,22704,26994,0.000,0.000,0.000
20260912,1000,2000.000,16,8,3,16,0.010,4,4,replication,2340,2670,2924,0.000,0.000,0.000
20260912,1000,2000.000,16,8,3,16,0.010,4,4,codedllm,2496,2949,19128,75.100,0.000,75.100
20260912,1000,2000.000,16,8,3,16,0.010,16,2,wait,2745,22704,26994,0.000,0.000,0.000
20260912,1000,2000.000,16,8,3,16,0.010,16,2,replication,2340,2670,2924,0.000,0.000,0.000
20260912,1000,2000.000,16,8,3,16,0.010,16,2,codedllm,2496,2949,19128,74.900,0.000,74.900
20260912,1000,2000.000,16,8,3,16,0.010,16,4,wait,2745,22704,26994,0.000,0.000,0.000
20260912,1000,2000.000,16,8,3,16,0.010,16,4,replication,2340,2670,2924,0.000,0.000,0.000
20260912,1000,2000.000,16,8,3,16,0.010,16,4,codedllm,2496,2949,19128,75.100,0.000,75.100
20260912,1000,2000.000,16,4,3,16,0.050,1,2,wait,16012,26858,29150,0.000,0.000,0.000
20260912,1000,2000.000,16,4,3,16,0.050,1,2,replication,2397,2914,19963,0.000,0.000,0.000
20260912,1000,2000.000,16,4,3,16,0.050,1,2,codedllm,2926,26042,29150,22.900,50.300,22.900
20260912,1000,2000.000,16,4,3,16,0.050,1,4,wait,16012,26858,29150,0.000,0.000,0.000
20260912,1000,2000.000,16,4,3,16,0.050,1,4,replication,2397,2914,19963,0.000,0.000,0.000
20260912,1000,2000.000,16,4,3,16,0.050,1,4,codedllm,2926,26042,29150,22.900,50.300,22.900
20260912,1000,2000.000,16,4,3,16,0.050,4,2,wait,16012,26858,29150,0.000,0.000,0.000
20260912,1000,2000.000,16,4,3,16,0.050,4,2,replication,2397,2914,19963,0.000,0.000,0.000
20260912,1000,2000.000,16,4,3,16,0.050,4,2,codedllm,2772,24543,28425,46.100,0.200,46.100
20260912,1000,2000.000,16,4,3,16,0.050,4,4,wait,16012,26858,29150,0.000,0.000,0.000
20260912,1000,2000.000,16,4,3,16,0.050,4,4,replication,2397,2914,19963,0.000,0.000,0.000
20260912,1000,2000.000,16,4,3,16,0.050,4,4,codedllm,2772,24543,28425,46.100,0.200,46.100
20260912,1000,2000.000,16,4,3,16,0.050,16,2,wait,16012,26858,29150,0.000,0.000,0.000
20260912,1000,2000.000,16,4,3,16,0.050,16,2,replication,2397,2914,19963,0.000,0.000,0.000
20260912,1000,2000.000,16,4,3,16,0.050,16,2,codedllm,2772,24543,28425,46.200,0.000,46.200
20260912,1000,2000.000,16,4,3,16,0.050,16,4,wait,16012,26858,29150,0.000,0.000,0.000
20260912,1000,2000.000,16,4,3,16,0.050,16,4,replication,2397,2914,19963,0.000,0.000,0.000
20260912,1000,2000.000,16,4,3,16,0.050,16,4,codedllm,2772,24543,28425,46.200,0.000,46.200
20260912,1000,2000.000,16,8,3,16,0.050,1,2,wait,16571,26375,28883,0.000,0.000,0.000
20260912,1000,2000.000,16,8,3,16,0.050,1,2,replication,2393,2920,19487,0.000,0.000,0.000
20260912,1000,2000.000,16,8,3,16,0.050,1,2,codedllm,2819,25477,28570,30.200,62.300,30.200
20260912,1000,2000.000,16,8,3,16,0.050,1,4,wait,16571,26375,28883,0.000,0.000,0.000
20260912,1000,2000.000,16,8,3,16,0.050,1,4,replication,2393,2920,19487,0.000,0.000,0.000
20260912,1000,2000.000,16,8,3,16,0.050,1,4,codedllm,2819,25477,28570,30.200,62.300,30.200
20260912,1000,2000.000,16,8,3,16,0.050,4,2,wait,16571,26375,28883,0.000,0.000,0.000
20260912,1000,2000.000,16,8,3,16,0.050,4,2,replication,2393,2920,19487,0.000,0.000,0.000
20260912,1000,2000.000,16,8,3,16,0.050,4,2,codedllm,2557,20348,24610,78.100,0.100,78.100
20260912,1000,2000.000,16,8,3,16,0.050,4,4,wait,16571,26375,28883,0.000,0.000,0.000
20260912,1000,2000.000,16,8,3,16,0.050,4,4,replication,2393,2920,19487,0.000,0.000,0.000
20260912,1000,2000.000,16,8,3,16,0.050,4,4,codedllm,2557,20348,24610,78.100,0.100,78.100
20260912,1000,2000.000,16,8,3,16,0.050,16,2,wait,16571,26375,28883,0.000,0.000,0.000
20260912,1000,2000.000,16,8,3,16,0.050,16,2,replication,2393,2920,19487,0.000,0.000,0.000
20260912,1000,2000.000,16,8,3,16,0.050,16,2,codedllm,2557,20348,24610,78.200,0.000,78.200
20260912,1000,2000.000,16,8,3,16,0.050,16,4,wait,16571,26375,28883,0.000,0.000,0.000
20260912,1000,2000.000,16,8,3,16,0.050,16,4,replication,2393,2920,19487,0.000,0.000,0.000
20260912,1000,2000.000,16,8,3,16,0.050,16,4,codedllm,2557,20348,24610,78.200,0.000,78.200
20260912,1000,2000.000,16,4,3,16,0.100,1,2,wait,20781,27485,29968,0.000,0.000,0.000
20260912,1000,2000.000,16,4,3,16,0.100,1,2,replication,2485,19532,22749,0.000,0.000,0.000
20260912,1000,2000.000,16,4,3,16,0.100,1,2,codedllm,18957,27074,29759,24.800,51.100,24.800
20260912,1000,2000.000,16,4,3,16,0.100,1,4,wait,20781,27485,29968,0.000,0.000,0.000
20260912,1000,2000.000,16,4,3,16,0.100,1,4,replication,2485,19532,22749,0.000,0.000,0.000
20260912,1000,2000.000,16,4,3,16,0.100,1,4,codedllm,18957,27074,29759,24.800,51.100,24.800
20260912,1000,2000.000,16,4,3,16,0.100,4,2,wait,20781,27485,29968,0.000,0.000,0.000
20260912,1000,2000.000,16,4,3,16,0.100,4,2,replication,2485,19532,22749,0.000,0.000,0.000
20260912,1000,2000.000,16,4,3,16,0.100,4,2,codedllm,16108,25923,28959,49.200,0.000,49.200
20260912,1000,2000.000,16,4,3,16,0.100,4,4,wait,20781,27485,29968,0.000,0.000,0.000
20260912,1000,2000.000,16,4,3,16,0.100,4,4,replication,2485,19532,22749,0.000,0.000,0.000
20260912,1000,2000.000,16,4,3,16,0.100,4,4,codedllm,16108,25923,28959,49.200,0.000,49.200
20260912,1000,2000.000,16,4,3,16,0.100,16,2,wait,20781,27485,29968,0.000,0.000,0.000
20260912,1000,2000.000,16,4,3,16,0.100,16,2,replication,2485,19532,22749,0.000,0.000,0.000
20260912,1000,2000.000,16,4,3,16,0.100,16,2,codedllm,16108,25923,28959,49.200,0.000,49.200
20260912,1000,2000.000,16,4,3,16,0.100,16,4,wait,20781,27485,29968,0.000,0.000,0.000
20260912,1000,2000.000,16,4,3,16,0.100,16,4,replication,2485,19532,22749,0.000,0.000,0.000
20260912,1000,2000.000,16,4,3,16,0.100,16,4,codedllm,16108,25923,28959,49.200,0.000,49.200
20260912,1000,2000.000,16,8,3,16,0.100,1,2,wait,20690,27704,30329,0.000,0.000,0.000
20260912,1000,2000.000,16,8,3,16,0.100,1,2,replication,2483,19553,22580,0.000,0.000,0.000
20260912,1000,2000.000,16,8,3,16,0.100,1,2,codedllm,17851,26728,29759,31.300,63.900,31.300
20260912,1000,2000.000,16,8,3,16,0.100,1,4,wait,20690,27704,30329,0.000,0.000,0.000
20260912,1000,2000.000,16,8,3,16,0.100,1,4,replication,2483,19553,22580,0.000,0.000,0.000
20260912,1000,2000.000,16,8,3,16,0.100,1,4,codedllm,17851,26728,29759,31.300,63.900,31.300
20260912,1000,2000.000,16,8,3,16,0.100,4,2,wait,20690,27704,30329,0.000,0.000,0.000
20260912,1000,2000.000,16,8,3,16,0.100,4,2,replication,2483,19553,22580,0.000,0.000,0.000
20260912,1000,2000.000,16,8,3,16,0.100,4,2,codedllm,2675,23048,26516,82.700,0.300,82.700
20260912,1000,2000.000,16,8,3,16,0.100,4,4,wait,20690,27704,30329,0.000,0.000,0.000
20260912,1000,2000.000,16,8,3,16,0.100,4,4,replication,2483,19553,22580,0.000,0.000,0.000
20260912,1000,2000.000,16,8,3,16,0.100,4,4,codedllm,2674,23048,26516,82.700,0.300,82.700
20260912,1000,2000.000,16,8,3,16,0.100,16,2,wait,20690,27704,30329,0.000,0.000,0.000
20260912,1000,2000.000,16,8,3,16,0.100,16,2,replication,2483,19553,22580,0.000,0.000,0.000
20260912,1000,2000.000,16,8,3,16,0.100,16,2,codedllm,2675,23048,26516,82.900,0.000,82.900
20260912,1000,2000.000,16,8,3,16,0.100,16,4,wait,20690,27704,30329,0.000,0.000,0.000
20260912,1000,2000.000,16,8,3,16,0.100,16,4,replication,2483,19553,22580,0.000,0.000,0.000
20260912,1000,2000.000,16,8,3,16,0.100,16,4,codedllm,2674,23048,26516,82.900,0.000,82.900
20260913,1000,2000.000,16,4,3,16,0.010,1,2,wait,2752,23148,26524,0.000,0.000,0.000
20260913,1000,2000.000,16,4,3,16,0.010,1,2,replication,2342,2671,2839,0.000,0.000,0.000
20260913,1000,2000.000,16,4,3,16,0.010,1,2,codedllm,2681,21716,26193,22.800,46.100,22.800
20260913,1000,2000.000,16,4,3,16,0.010,1,4,wait,2752,23148,26524,0.000,0.000,0.000
20260913,1000,2000.000,16,4,3,16,0.010,1,4,replication,2342,2671,2839,0.000,0.000,0.000
20260913,1000,2000.000,16,4,3,16,0.010,1,4,codedllm,2681,21716,26193,22.800,46.100,22.800
20260913,1000,2000.000,16,4,3,16,0.010,4,2,wait,2752,23148,26524,0.000,0.000,0.000
20260913,1000,2000.000,16,4,3,16,0.010,4,2,replication,2342,2671,2839,0.000,0.000,0.000
20260913,1000,2000.000,16,4,3,16,0.010,4,2,codedllm,2640,17805,24407,41.500,0.000,41.500
20260913,1000,2000.000,16,4,3,16,0.010,4,4,wait,2752,23148,26524,0.000,0.000,0.000
20260913,1000,2000.000,16,4,3,16,0.010,4,4,replication,2342,2671,2839,0.000,0.000,0.000
20260913,1000,2000.000,16,4,3,16,0.010,4,4,codedllm,2640,17805,24407,41.500,0.000,41.500
20260913,1000,2000.000,16,4,3,16,0.010,16,2,wait,2752,23148,26524,0.000,0.000,0.000
20260913,1000,2000.000,16,4,3,16,0.010,16,2,replication,2342,2671,2839,0.000,0.000,0.000
20260913,1000,2000.000,16,4,3,16,0.010,16,2,codedllm,2640,17805,24407,41.500,0.000,41.500
20260913,1000,2000.000,16,4,3,16,0.010,16,4,wait,2752,23148,26524,0.000,0.000,0.000
20260913,1000,2000.000,16,4,3,16,0.010,16,4,replication,2342,2671,2839,0.000,0.000,0.000
20260913,1000,2000.000,16,4,3,16,0.010,16,4,codedllm,2640,17805,24407,41.500,0.000,41.500
20260913,1000,2000.000,16,8,3,16,0.010,1,2,wait,2736,21981,25707,0.000,0.000,0.000
20260913,1000,2000.000,16,8,3,16,0.010,1,2,replication,2336,2674,2839,0.000,0.000,0.000
20260913,1000,2000.000,16,8,3,16,0.010,1,2,codedllm,2657,20851,24953,24.900,53.500,24.900
20260913,1000,2000.000,16,8,3,16,0.010,1,4,wait,2736,21981,25707,0.000,0.000,0.000
20260913,1000,2000.000,16,8,3,16,0.010,1,4,replication,2336,2674,2839,0.000,0.000,0.000
20260913,1000,2000.000,16,8,3,16,0.010,1,4,codedllm,2657,20851,24953,24.900,53.500,24.900
20260913,1000,2000.000,16,8,3,16,0.010,4,2,wait,2736,21981,25707,0.000,0.000,0.000
20260913,1000,2000.000,16,8,3,16,0.010,4,2,replication,2336,2674,2839,0.000,0.000,0.000
20260913,1000,2000.000,16,8,3,16,0.010,4,2,codedllm,2580,16766,24144,52.000,0.000,52.000
20260913,1000,2000.000,16,8,3,16,0.010,4,4,wait,2736,21981,25707,0.000,0.000,0.000
20260913,1000,2000.000,16,8,3,16,0.010,4,4,replication,2336,2674,2839,0.000,0.000,0.000
20260913,1000,2000.000,16,8,3,16,0.010,4,4,codedllm,2578,16766,24144,52.000,0.000,52.000
20260913,1000,2000.000,16,8,3,16,0.010,16,2,wait,2736,21981,25707,0.000,0.000,0.000
20260913,1000,2000.000,16,8,3,16,0.010,16,2,replication,2336,2674,2839,0.000,0.000,0.000
20260913,1000,2000.000,16,8,3,16,0.010,16,2,codedllm,2580,16766,24144,52.000,0.000,52.000
20260913,1000,2000.000,16,8,3,16,0.010,16,4,wait,2736,21981,25707,0.000,0.000,0.000
20260913,1000,2000.000,16,8,3,16,0.010,16,4,replication,2336,2674,2839,0.000,0.000,0.000
20260913,1000,2000.000,16,8,3,16,0.010,16,4,codedllm,2578,16766,24144,52.000,0.000,52.000
20260913,1000,2000.000,16,4,3,16,0.050,1,2,wait,15659,25999,29382,0.000,0.000,0.000
20260913,1000,2000.000,16,4,3,16,0.050,1,2,replication,2377,3044,19022,0.000,0.000,0.000
20260913,1000,2000.000,16,4,3,16,0.050,1,2,codedllm,2925,25340,28597,24.100,47.700,24.100
20260913,1000,2000.000,16,4,3,16,0.050,1,4,wait,15659,25999,29382,0.000,0.000,0.000
20260913,1000,2000.000,16,4,3,16,0.050,1,4,replication,2377,3044,19022,0.000,0.000,0.000
20260913,1000,2000.000,16,4,3,16,0.050,1,4,codedllm,2925,25340,28597,24.100,47.700,24.100
20260913,1000,2000.000,16,4,3,16,0.050,4,2,wait,15659,25999,29382,0.000,0.000,0.000
20260913,1000,2000.000,16,4,3,16,0.050,4,2,replication,2377,3044,19022,0.000,0.000,0.000
20260913,1000,2000.000,16,4,3,16,0.050,4,2,codedllm,2765,23870,27710,46.600,0.000,46.600
20260913,1000,2000.000,16,4,3,16,0.050,4,4,wait,15659,25999,29382,0.000,0.000,0.000
20260913,1000,2000.000,16,4,3,16,0.050,4,4,replication,2377,3044,19022,0.000,0.000,0.000
20260913,1000,2000.000,16,4,3,16,0.050,4,4,codedllm,2765,23870,27710,46.600,0.000,46.600
20260913,1000,2000.000,16,4,3,16,0.050,16,2,wait,15659,25999,29382,0.000,0.000,0.000
20260913,1000,2000.000,16,4,3,16,0.050,16,2,replication,2377,3044,19022,0.000,0.000,0.000
20260913,1000,2000.000,16,4,3,16,0.050,16,2,codedllm,2765,23870,27710,46.600,0.000,46.600
20260913,1000,2000.000,16,4,3,16,0.050,16,4,wait,15659,25999,29382,0.000,0.000,0.000
20260913,1000,2000.000,16,4,3,16,0.050,16,4,replication,2377,3044,19022,0.000,0.000,0.000
20260913,1000,2000.000,16,4,3,16,0.050,16,4,codedllm,2765,23870,27710,46.600,0.000,46.600
20260913,1000,2000.000,16,8,3,16,0.050,1,2,wait,14869,25945,28649,0.000,0.000,0.000
20260913,1000,2000.000,16,8,3,16,0.050,1,2,replication,2388,2917,17919,0.000,0.000,0.000
20260913,1000,2000.000,16,8,3,16,0.050,1,2,codedllm,2877,25201,27782,26.300,58.000,26.300
20260913,1000,2000.000,16,8,3,16,0.050,1,4,wait,14869,25945,28649,0.000,0.000,0.000
20260913,1000,2000.000,16,8,3,16,0.050,1,4,replication,2388,2917,17919,0.000,0.000,0.000
20260913,1000,2000.000,16,8,3,16,0.050,1,4,codedllm,2877,25201,27782,26.300,58.000,26.300
20260913,1000,2000.000,16,8,3,16,0.050,4,2,wait,14869,25945,28649,0.000,0.000,0.000
20260913,1000,2000.000,16,8,3,16,0.050,4,2,replication,2388,2917,17919,0.000,0.000,0.000
20260913,1000,2000.000,16,8,3,16,0.050,4,2,codedllm,2679,23618,26783,59.400,0.000,59.400
20260913,1000,2000.000,16,8,3,16,0.050,4,4,wait,14869,25945,28649,0.000,0.000,0.000
20260913,1000,2000.000,16,8,3,16,0.050,4,4,replication,2388,2917,17919,0.000,0.000,0.000
20260913,1000,2000.000,16,8,3,16,0.050,4,4,codedllm,2679,23618,26783,59.600,0.000,59.600
20260913,1000,2000.000,16,8,3,16,0.050,16,2,wait,14869,25945,28649,0.000,0.000,0.000
20260913,1000,2000.000,16,8,3,16,0.050,16,2,replication,2388,2917,17919,0.000,0.000,0.000
20260913,1000,2000.000,16,8,3,16,0.050,16,2,codedllm,2679,23618,26783,59.400,0.000,59.400
20260913,1000,2000.000,16,8,3,16,0.050,16,4,wait,14869,25945,28649,0.000,0.000,0.000
20260913,1000,2000.000,16,8,3,16,0.050,16,4,replication,2388,2917,17919,0.000,0.000,0.000
20260913,1000,2000.000,16,8,3,16,0.050,16,4,codedllm,2679,23618,26783,59.600,0.000,59.600
20260913,1000,2000.000,16,4,3,16,0.100,1,2,wait,20873,27484,29598,0.000,0.000,0.000
20260913,1000,2000.000,16,4,3,16,0.100,1,2,replication,2482,20045,22692,0.000,0.000,0.000
20260913,1000,2000.000,16,4,3,16,0.100,1,2,codedllm,19058,27041,28747,24.600,51.300,24.600
20260913,1000,2000.000,16,4,3,16,0.100,1,4,wait,20873,27484,29598,0.000,0.000,0.000
20260913,1000,2000.000,16,4,3,16,0.100,1,4,replication,2482,20045,22692,0.000,0.000,0.000
20260913,1000,2000.000,16,4,3,16,0.100,1,4,codedllm,19058,27041,28747,24.600,51.300,24.600
20260913,1000,2000.000,16,4,3,16,0.100,4,2,wait,20873,27484,29598,0.000,0.000,0.000
20260913,1000,2000.000,16,4,3,16,0.100,4,2,replication,2482,20045,22692,0.000,0.000,0.000
20260913,1000,2000.000,16,4,3,16,0.100,4,2,codedllm,15836,25908,28317,51.100,0.000,51.100
20260913,1000,2000.000,16,4,3,16,0.100,4,4,wait,20873,27484,29598,0.000,0.000,0.000
20260913,1000,2000.000,16,4,3,16,0.100,4,4,replication,2482,20045,22692,0.000,0.000,0.000
20260913,1000,2000.000,16,4,3,16,0.100,4,4,codedllm,15836,25908,28317,51.100,0.000,51.100
20260913,1000,2000.000,16,4,3,16,0.100,16,2,wait,20873,27484,29598,0.000,0.000,0.000
20260913,1000,2000.000,16,4,3,16,0.100,16,2,replication,2482,20045,22692,0.000,0.000,0.000
20260913,1000,2000.000,16,4,3,16,0.100,16,2,codedllm,15836,25908,28317,51.100,0.000,51.100
20260913,1000,2000.000,16,4,3,16,0.100,16,4,wait,20873,27484,29598,0.000,0.000,0.000
20260913,1000,2000.000,16,4,3,16,0.100,16,4,replication,2482,20045,22692,0.000,0.000,0.000
20260913,1000,2000.000,16,4,3,16,0.100,16,4,codedllm,15836,25908,28317,51.100,0.000,51.100
20260913,1000,2000.000,16,8,3,16,0.100,1,2,wait,20615,27314,30026,0.000,0.000,0.000
20260913,1000,2000.000,16,8,3,16,0.100,1,2,replication,2478,19148,22174,0.000,0.000,0.000
20260913,1000,2000.000,16,8,3,16,0.100,1,2,codedllm,18631,26639,29257,26.600,61.400,26.600
20260913,1000,2000.000,16,8,3,16,0.100,1,4,wait,20615,27314,30026,0.000,0.000,0.000
20260913,1000,2000.000,16,8,3,16,0.100,1,4,replication,2478,19148,22174,0.000,0.000,0.000
20260913,1000,2000.000,16,8,3,16,0.100,1,4,codedllm,18631,26639,29257,26.600,61.400,26.600
20260913,1000,2000.000,16,8,3,16,0.100,4,2,wait,20615,27314,30026,0.000,0.000,0.000
20260913,1000,2000.000,16,8,3,16,0.100,4,2,replication,2478,19148,22174,0.000,0.000,0.000
20260913,1000,2000.000,16,8,3,16,0.100,4,2,codedllm,2953,24864,28261,64.500,0.000,64.500
20260913,1000,2000.000,16,8,3,16,0.100,4,4,wait,20615,27314,30026,0.000,0.000,0.000
20260913,1000,2000.000,16,8,3,16,0.100,4,4,replication,2478,19148,22174,0.000,0.000,0.000
20260913,1000,2000.000,16,8,3,16,0.100,4,4,codedllm,2953,24864,28261,64.500,0.000,64.500
20260913,1000,2000.000,16,8,3,16,0.100,16,2,wait,20615,27314,30026,0.000,0.000,0.000
20260913,1000,2000.000,16,8,3,16,0.100,16,2,replication,2478,19148,22174,0.000,0.000,0.000
20260913,1000,2000.000,16,8,3,16,0.100,16,2,codedllm,2953,24864,28261,64.500,0.000,64.500
20260913,1000,2000.000,16,8,3,16,0.100,16,4,wait,20615,27314,30026,0.000,0.000,0.000
20260913,1000,2000.000,16,8,3,16,0.100,16,4,replication,2478,19148,22174,0.000,0.000,0.000
20260913,1000,2000.000,16,8,3,16,0.100,16,4,codedllm,2953,24864,28261,64.500,0.000,64.500
20260914,1000,2000.000,16,4,3,16,0.010,1,2,wait,2737,21970,25917,0.000,0.000,0.000
20260914,1000,2000.000,16,4,3,16,0.010,1,2,replication,2344,2680,2891,0.000,0.000,0.000
20260914,1000,2000.000,16,4,3,16,0.010,1,2,codedllm,2669,20128,25208,22.900,46.400,22.900
20260914,1000,2000.000,16,4,3,16,0.010,1,4,wait,2737,21970,25917,0.000,0.000,0.000
20260914,1000,2000.000,16,4,3,16,0.010,1,4,replication,2344,2680,2891,0.000,0.000,0.000
20260914,1000,2000.000,16,4,3,16,0.010,1,4,codedllm,2669,20128,25208,22.900,46.400,22.900
20260914,1000,2000.000,16,4,3,16,0.010,4,2,wait,2737,21970,25917,0.000,0.000,0.000
20260914,1000,2000.000,16,4,3,16,0.010,4,2,replication,2344,2680,2891,0.000,0.000,0.000
20260914,1000,2000.000,16,4,3,16,0.010,4,2,codedllm,2625,15673,24735,42.800,0.000,42.800
20260914,1000,2000.000,16,4,3,16,0.010,4,4,wait,2737,21970,25917,0.000,0.000,0.000
20260914,1000,2000.000,16,4,3,16,0.010,4,4,replication,2344,2680,2891,0.000,0.000,0.000
20260914,1000,2000.000,16,4,3,16,0.010,4,4,codedllm,2625,15673,24735,42.800,0.000,42.800
20260914,1000,2000.000,16,4,3,16,0.010,16,2,wait,2737,21970,25917,0.000,0.000,0.000
20260914,1000,2000.000,16,4,3,16,0.010,16,2,replication,2344,2680,2891,0.000,0.000,0.000
20260914,1000,2000.000,16,4,3,16,0.010,16,2,codedllm,2625,15673,24735,42.800,0.000,42.800
20260914,1000,2000.000,16,4,3,16,0.010,16,4,wait,2737,21970,25917,0.000,0.000,0.000
20260914,1000,2000.000,16,4,3,16,0.010,16,4,replication,2344,2680,2891,0.000,0.000,0.000
20260914,1000,2000.000,16,4,3,16,0.010,16,4,codedllm,2625,15673,24735,42.800,0.000,42.800
20260914,1000,2000.000,16,8,3,16,0.010,1,2,wait,2746,22272,25901,0.000,0.000,0.000
20260914,1000,2000.000,16,8,3,16,0.010,1,2,replication,2348,2698,2938,0.000,0.000,0.000
20260914,1000,2000.000,16,8,3,16,0.010,1,2,codedllm,2672,20734,25857,26.900,56.200,26.900
20260914,1000,2000.000,16,8,3,16,0.010,1,4,wait,2746,22272,25901,0.000,0.000,0.000
20260914,1000,2000.000,16,8,3,16,0.010,1,4,replication,2348,2698,2938,0.000,0.000,0.000
20260914,1000,2000.000,16,8,3,16,0.010,1,4,codedllm,2672,20734,25857,26.900,56.200,26.900
20260914,1000,2000.000,16,8,3,16,0.010,4,2,wait,2746,22272,25901,0.000,0.000,0.000
20260914,1000,2000.000,16,8,3,16,0.010,4,2,replication,2348,2698,2938,0.000,0.000,0.000
20260914,1000,2000.000,16,8,3,16,0.010,4,2,codedllm,2564,3335,23423,61.800,0.000,61.800
20260914,1000,2000.000,16,8,3,16,0.010,4,4,wait,2746,22272,25901,0.000,0.000,0.000
20260914,1000,2000.000,16,8,3,16,0.010,4,4,replication,2348,2698,2938,0.000,0.000,0.000
20260914,1000,2000.000,16,8,3,16,0.010,4,4,codedllm,2564,3335,23423,61.900,0.000,61.900
20260914,1000,2000.000,16,8,3,16,0.010,16,2,wait,2746,22272,25901,0.000,0.000,0.000
20260914,1000,2000.000,16,8,3,16,0.010,16,2,replication,2348,2698,2938,0.000,0.000,0.000
20260914,1000,2000.000,16,8,3,16,0.010,16,2,codedllm,2564,3335,23423,61.800,0.000,61.800
20260914,1000,2000.000,16,8,3,16,0.010,16,4,wait,2746,22272,25901,0.000,0.000,0.000
20260914,1000,2000.000,16,8,3,16,0.010,16,4,replication,2348,2698,2938,0.000,0.000,0.000
20260914,1000,2000.000,16,8,3,16,0.010,16,4,codedllm,2564,3335,23423,61.900,0.000,61.900
20260914,1000,2000.000,16,4,3,16,0.050,1,2,wait,15953,26469,29894,0.000,0.000,0.000
20260914,1000,2000.000,16,4,3,16,0.050,1,2,replication,2393,3006,19785,0.000,0.000,0.000
20260914,1000,2000.000,16,4,3,16,0.050,1,2,codedllm,2914,25953,29383,24.900,52.700,24.900
20260914,1000,2000.000,16,4,3,16,0.050,1,4,wait,15953,26469,29894,0.000,0.000,0.000
20260914,1000,2000.000,16,4,3,16,0.050,1,4,replication,2393,3006,19785,0.000,0.000,0.000
20260914,1000,2000.000,16,4,3,16,0.050,1,4,codedllm,2914,25953,29383,24.900,52.700,24.900
20260914,1000,2000.000,16,4,3,16,0.050,4,2,wait,15953,26469,29894,0.000,0.000,0.000
20260914,1000,2000.000,16,4,3,16,0.050,4,2,replication,2393,3006,19785,0.000,0.000,0.000
20260914,1000,2000.000,16,4,3,16,0.050,4,2,codedllm,2751,23365,27754,52.000,0.000,52.000
20260914,1000,2000.000,16,4,3,16,0.050,4,4,wait,15953,26469,29894,0.000,0.000,0.000
20260914,1000,2000.000,16,4,3,16,0.050,4,4,replication,2393,3006,19785,0.000,0.000,0.000
20260914,1000,2000.000,16,4,3,16,0.050,4,4,codedllm,2751,23365,27754,52.000,0.000,52.000
20260914,1000,2000.000,16,4,3,16,0.050,16,2,wait,15953,26469,29894,0.000,0.000,0.000
20260914,1000,2000.000,16,4,3,16,0.050,16,2,replication,2393,3006,19785,0.000,0.000,0.000
20260914,1000,2000.000,16,4,3,16,0.050,16,2,codedllm,2751,23365,27754,52.000,0.000,52.000
20260914,1000,2000.000,16,4,3,16,0.050,16,4,wait,15953,26469,29894,0.000,0.000,0.000
20260914,1000,2000.000,16,4,3,16,0.050,16,4,replication,2393,3006,19785,0.000,0.000,0.000
20260914,1000,2000.000,16,4,3,16,0.050,16,4,codedllm,2751,23365,27754,52.000,0.000,52.000
20260914,1000,2000.000,16,8,3,16,0.050,1,2,wait,16175,26304,29854,0.000,0.000,0.000
20260914,1000,2000.000,16,8,3,16,0.050,1,2,replication,2393,2919,19583,0.000,0.000,0.000
20260914,1000,2000.000,16,8,3,16,0.050,1,2,codedllm,2849,25512,28515,27.900,61.500,27.900
20260914,1000,2000.000,16,8,3,16,0.050,1,4,wait,16175,26304,29854,0.000,0.000,0.000
20260914,1000,2000.000,16,8,3,16,0.050,1,4,replication,2393,2919,19583,0.000,0.000,0.000
20260914,1000,2000.000,16,8,3,16,0.050,1,4,codedllm,2849,25512,28515,27.900,61.500,27.900
20260914,1000,2000.000,16,8,3,16,0.050,4,2,wait,16175,26304,29854,0.000,0.000,0.000
20260914,1000,2000.000,16,8,3,16,0.050,4,2,replication,2393,2919,19583,0.000,0.000,0.000
20260914,1000,2000.000,16,8,3,16,0.050,4,2,codedllm,2635,21957,25822,66.200,0.200,66.200
20260914,1000,2000.000,16,8,3,16,0.050,4,4,wait,16175,26304,29854,0.000,0.000,0.000
20260914,1000,2000.000,16,8,3,16,0.050,4,4,replication,2393,2919,19583,0.000,0.000,0.000
20260914,1000,2000.000,16,8,3,16,0.050,4,4,codedllm,2635,21957,25822,66.200,0.200,66.200
20260914,1000,2000.000,16,8,3,16,0.050,16,2,wait,16175,26304,29854,0.000,0.000,0.000
20260914,1000,2000.000,16,8,3,16,0.050,16,2,replication,2393,2919,19583,0.000,0.000,0.000
20260914,1000,2000.000,16,8,3,16,0.050,16,2,codedllm,2635,21957,25822,66.300,0.000,66.300
20260914,1000,2000.000,16,8,3,16,0.050,16,4,wait,16175,26304,29854,0.000,0.000,0.000
20260914,1000,2000.000,16,8,3,16,0.050,16,4,replication,2393,2919,19583,0.000,0.000,0.000
20260914,1000,2000.000,16,8,3,16,0.050,16,4,codedllm,2635,21957,25822,66.300,0.000,66.300
20260914,1000,2000.000,16,4,3,16,0.100,1,2,wait,20781,27626,30677,0.000,0.000,0.000
20260914,1000,2000.000,16,4,3,16,0.100,1,2,replication,2471,19128,22601,0.000,0.000,0.000
20260914,1000,2000.000,16,4,3,16,0.100,1,2,codedllm,19020,27090,29398,26.200,54.000,26.200
20260914,1000,2000.000,16,4,3,16,0.100,1,4,wait,20781,27626,30677,0.000,0.000,0.000
20260914,1000,2000.000,16,4,3,16,0.100,1,4,replication,2471,19128,22601,0.000,0.000,0.000
20260914,1000,2000.000,16,4,3,16,0.100,1,4,codedllm,19020,27090,29398,26.200,54.000,26.200
20260914,1000,2000.000,16,4,3,16,0.100,4,2,wait,20781,27626,30677,0.000,0.000,0.000
20260914,1000,2000.000,16,4,3,16,0.100,4,2,replication,2471,19128,22601,0.000,0.000,0.000
20260914,1000,2000.000,16,4,3,16,0.100,4,2,codedllm,15221,25836,28046,54.300,0.000,54.300
20260914,1000,2000.000,16,4,3,16,0.100,4,4,wait,20781,27626,30677,0.000,0.000,0.000
20260914,1000,2000.000,16,4,3,16,0.100,4,4,replication,2471,19128,22601,0.000,0.000,0.000
20260914,1000,2000.000,16,4,3,16,0.100,4,4,codedllm,15221,25836,28046,54.300,0.000,54.300
20260914,1000,2000.000,16,4,3,16,0.100,16,2,wait,20781,27626,30677,0.000,0.000,0.000
20260914,1000,2000.000,16,4,3,16,0.100,16,2,replication,2471,19128,22601,0.000,0.000,0.000
20260914,1000,2000.000,16,4,3,16,0.100,16,2,codedllm,15221,25836,28046,54.300,0.000,54.300
20260914,1000,2000.000,16,4,3,16,0.100,16,4,wait,20781,27626,30677,0.000,0.000,0.000
20260914,1000,2000.000,16,4,3,16,0.100,16,4,replication,2471,19128,22601,0.000,0.000,0.000
20260914,1000,2000.000,16,4,3,16,0.100,16,4,codedllm,15221,25836,28046,54.300,0.000,54.300
20260914,1000,2000.000,16,8,3,16,0.100,1,2,wait,20781,27500,29489,0.000,0.000,0.000
20260914,1000,2000.000,16,8,3,16,0.100,1,2,replication,2483,19318,22703,0.000,0.000,0.000
20260914,1000,2000.000,16,8,3,16,0.100,1,2,codedllm,18613,27175,29381,27.700,60.600,27.700
20260914,1000,2000.000,16,8,3,16,0.100,1,4,wait,20781,27500,29489,0.000,0.000,0.000
20260914,1000,2000.000,16,8,3,16,0.100,1,4,replication,2483,19318,22703,0.000,0.000,0.000
20260914,1000,2000.000,16,8,3,16,0.100,1,4,codedllm,18613,27175,29381,27.700,60.600,27.700
20260914,1000,2000.000,16,8,3,16,0.100,4,2,wait,20781,27500,29489,0.000,0.000,0.000
20260914,1000,2000.000,16,8,3,16,0.100,4,2,replication,2483,19318,22703,0.000,0.000,0.000
20260914,1000,2000.000,16,8,3,16,0.100,4,2,codedllm,2838,24689,27811,69.200,0.000,69.200
20260914,1000,2000.000,16,8,3,16,0.100,4,4,wait,20781,27500,29489,0.000,0.000,0.000
20260914,1000,2000.000,16,8,3,16,0.100,4,4,replication,2483,19318,22703,0.000,0.000,0.000
20260914,1000,2000.000,16,8,3,16,0.100,4,4,codedllm,2838,24689,27811,69.200,0.000,69.200
20260914,1000,2000.000,16,8,3,16,0.100,16,2,wait,20781,27500,29489,0.000,0.000,0.000
20260914,1000,2000.000,16,8,3,16,0.100,16,2,replication,2483,19318,22703,0.000,0.000,0.000
20260914,1000,2000.000,16,8,3,16,0.100,16,2,codedllm,2838,24689,27811,69.200,0.000,69.200
20260914,1000,2000.000,16,8,3,16,0.100,16,4,wait,20781,27500,29489,0.000,0.000,0.000
20260914,1000,2000.000,16,8,3,16,0.100,16,4,replication,2483,19318,22703,0.000,0.000,0.000
20260914,1000,2000.000,16,8,3,16,0.100,16,4,codedllm,2838,24689,27811,69.200,0.000,69.200
20260915,1000,2000.000,16,4,3,16,0.010,1,2,wait,2739,21750,25384,0.000,0.000,0.000
20260915,1000,2000.000,16,4,3,16,0.010,1,2,replication,2348,2683,2907,0.000,0.000,0.000
20260915,1000,2000.000,16,4,3,16,0.010,1,2,codedllm,2684,20229,24492,21.000,46.100,21.000
20260915,1000,2000.000,16,4,3,16,0.010,1,4,wait,2739,21750,25384,0.000,0.000,0.000
20260915,1000,2000.000,16,4,3,16,0.010,1,4,replication,2348,2683,2907,0.000,0.000,0.000
20260915,1000,2000.000,16,4,3,16,0.010,1,4,codedllm,2684,20229,24492,21.000,46.100,21.000
20260915,1000,2000.000,16,4,3,16,0.010,4,2,wait,2739,21750,25384,0.000,0.000,0.000
20260915,1000,2000.000,16,4,3,16,0.010,4,2,replication,2348,2683,2907,0.000,0.000,0.000
20260915,1000,2000.000,16,4,3,16,0.010,4,2,codedllm,2643,17160,23758,41.000,0.000,41.000
20260915,1000,2000.000,16,4,3,16,0.010,4,4,wait,2739,21750,25384,0.000,0.000,0.000
20260915,1000,2000.000,16,4,3,16,0.010,4,4,replication,2348,2683,2907,0.000,0.000,0.000
20260915,1000,2000.000,16,4,3,16,0.010,4,4,codedllm,2643,17160,23758,41.000,0.000,41.000
20260915,1000,2000.000,16,4,3,16,0.010,16,2,wait,2739,21750,25384,0.000,0.000,0.000
20260915,1000,2000.000,16,4,3,16,0.010,16,2,replication,2348,2683,2907,0.000,0.000,0.000
20260915,1000,2000.000,16,4,3,16,0.010,16,2,codedllm,2643,17160,23758,41.000,0.000,41.000
20260915,1000,2000.000,16,4,3,16,0.010,16,4,wait,2739,21750,25384,0.000,0.000,0.000
20260915,1000,2000.000,16,4,3,16,0.010,16,4,replication,2348,2683,2907,0.000,0.000,0.000
20260915,1000,2000.000,16,4,3,16,0.010,16,4,codedllm,2643,17160,23758,41.000,0.000,41.000
20260915,1000,2000.000,16,8,3,16,0.010,1,2,wait,2737,21897,25276,0.000,0.000,0.000
20260915,1000,2000.000,16,8,3,16,0.010,1,2,replication,2340,2658,2892,0.000,0.000,0.000
20260915,1000,2000.000,16,8,3,16,0.010,1,2,codedllm,2622,20229,24684,30.900,62.000,30.900
20260915,1000,2000.000,16,8,3,16,0.010,1,4,wait,2737,21897,25276,0.000,0.000,0.000
20260915,1000,2000.000,16,8,3,16,0.010,1,4,replication,2340,2658,2892,0.000,0.000,0.000
20260915,1000,2000.000,16,8,3,16,0.010,1,4,codedllm,2622,20229,24684,30.900,62.000,30.900
20260915,1000,2000.000,16,8,3,16,0.010,4,2,wait,2737,21897,25276,0.000,0.000,0.000
20260915,1000,2000.000,16,8,3,16,0.010,4,2,replication,2340,2658,2892,0.000,0.000,0.000
20260915,1000,2000.000,16,8,3,16,0.010,4,2,codedllm,2479,2845,12413,79.700,0.000,79.700
20260915,1000,2000.000,16,8,3,16,0.010,4,4,wait,2737,21897,25276,0.000,0.000,0.000
20260915,1000,2000.000,16,8,3,16,0.010,4,4,replication,2340,2658,2892,0.000,0.000,0.000
20260915,1000,2000.000,16,8,3,16,0.010,4,4,codedllm,2479,2845,12413,79.700,0.000,79.700
20260915,1000,2000.000,16,8,3,16,0.010,16,2,wait,2737,21897,25276,0.000,0.000,0.000
20260915,1000,2000.000,16,8,3,16,0.010,16,2,replication,2340,2658,2892,0.000,0.000,0.000
20260915,1000,2000.000,16,8,3,16,0.010,16,2,codedllm,2479,2845,12413,79.700,0.000,79.700
20260915,1000,2000.000,16,8,3,16,0.010,16,4,wait,2737,21897,25276,0.000,0.000,0.000
20260915,1000,2000.000,16,8,3,16,0.010,16,4,replication,2340,2658,2892,0.000,0.000,0.000
20260915,1000,2000.000,16,8,3,16,0.010,16,4,codedllm,2479,2845,12413,79.700,0.000,79.700
20260915,1000,2000.000,16,4,3,16,0.050,1,2,wait,15456,25738,29146,0.000,0.000,0.000
20260915,1000,2000.000,16,4,3,16,0.050,1,2,replication,2394,3006,19704,0.000,0.000,0.000
20260915,1000,2000.000,16,4,3,16,0.050,1,2,codedllm,2892,25267,28225,23.600,51.100,23.600
20260915,1000,2000.000,16,4,3,16,0.050,1,4,wait,15456,25738,29146,0.000,0.000,0.000
20260915,1000,2000.000,16,4,3,16,0.050,1,4,replication,2394,3006,19704,0.000,0.000,0.000
20260915,1000,2000.000,16,4,3,16,0.050,1,4,codedllm,2892,25267,28225,23.600,51.100,23.600
20260915,1000,2000.000,16,4,3,16,0.050,4,2,wait,15456,25738,29146,0.000,0.000,0.000
20260915,1000,2000.000,16,4,3,16,0.050,4,2,replication,2394,3006,19704,0.000,0.000,0.000
20260915,1000,2000.000,16,4,3,16,0.050,4,2,codedllm,2765,23532,27645,47.900,0.000,47.900
20260915,1000,2000.000,16,4,3,16,0.050,4,4,wait,15456,25738,29146,0.000,0.000,0.000
20260915,1000,2000.000,16,4,3,16,0.050,4,4,replication,2394,3006,19704,0.000,0.000,0.000
20260915,1000,2000.000,16,4,3,16,0.050,4,4,codedllm,2765,23532,27645,47.900,0.000,47.900
20260915,1000,2000.000,16,4,3,16,0.050,16,2,wait,15456,25738,29146,0.000,0.000,0.000
20260915,1000,2000.000,16,4,3,16,0.050,16,2,replication,2394,3006,19704,0.000,0.000,0.000
20260915,1000,2000.000,16,4,3,16,0.050,16,2,codedllm,2765,23532,27645,47.900,0.000,47.900
20260915,1000,2000.000,16,4,3,16,0.050,16,4,wait,15456,25738,29146,0.000,0.000,0.000
20260915,1000,2000.000,16,4,3,16,0.050,16,4,replication,2394,3006,19704,0.000,0.000,0.000
20260915,1000,2000.000,16,4,3,16,0.050,16,4,codedllm,2765,23532,27645,47.900,0.000,47.900
20260915,1000,2000.000,16,8,3,16,0.050,1,2,wait,15391,26152,29417,0.000,0.000,0.000
20260915,1000,2000.000,16,8,3,16,0.050,1,2,replication,2399,2921,18990,0.000,0.000,0.000
20260915,1000,2000.000,16,8,3,16,0.050,1,2,codedllm,2777,25144,28363,32.100,64.100,32.100
20260915,1000,2000.000,16,8,3,16,0.050,1,4,wait,15391,26152,29417,0.000,0.000,0.000
20260915,1000,2000.000,16,8,3,16,0.050,1,4,replication,2399,2921,18990,0.000,0.000,0.000
20260915,1000,2000.000,16,8,3,16,0.050,1,4,codedllm,2777,25144,28363,32.100,64.100,32.100
20260915,1000,2000.000,16,8,3,16,0.050,4,2,wait,15391,26152,29417,0.000,0.000,0.000
20260915,1000,2000.000,16,8,3,16,0.050,4,2,replication,2399,2921,18990,0.000,0.000,0.000
20260915,1000,2000.000,16,8,3,16,0.050,4,2,codedllm,2528,18197,24693,85.100,0.000,85.100
20260915,1000,2000.000,16,8,3,16,0.050,4,4,wait,15391,26152,29417,0.000,0.000,0.000
20260915,1000,2000.000,16,8,3,16,0.050,4,4,replication,2399,2921,18990,0.000,0.000,0.000
20260915,1000,2000.000,16,8,3,16,0.050,4,4,codedllm,2528,18197,24693,85.200,0.000,85.200
20260915,1000,2000.000,16,8,3,16,0.050,16,2,wait,15391,26152,29417,0.000,0.000,0.000
20260915,1000,2000.000,16,8,3,16,0.050,16,2,replication,2399,2921,18990,0.000,0.000,0.000
20260915,1000,2000.000,16,8,3,16,0.050,16,2,codedllm,2528,18197,24693,85.100,0.000,85.100
20260915,1000,2000.000,16,8,3,16,0.050,16,4,wait,15391,26152,29417,0.000,0.000,0.000
20260915,1000,2000.000,16,8,3,16,0.050,16,4,replication,2399,2921,18990,0.000,0.000,0.000
20260915,1000,2000.000,16,8,3,16,0.050,16,4,codedllm,2528,18197,24693,85.200,0.000,85.200
20260915,1000,2000.000,16,4,3,16,0.100,1,2,wait,20680,27246,30311,0.000,0.000,0.000
20260915,1000,2000.000,16,4,3,16,0.100,1,2,replication,2460,19113,22586,0.000,0.000,0.000
20260915,1000,2000.000,16,4,3,16,0.100,1,2,codedllm,18935,26570,29626,24.500,53.000,24.500
20260915,1000,2000.000,16,4,3,16,0.100,1,4,wait,20680,27246,30311,0.000,0.000,0.000
20260915,1000,2000.000,16,4,3,16,0.100,1,4,replication,2460,19113,22586,0.000,0.000,0.000
20260915,1000,2000.000,16,4,3,16,0.100,1,4,codedllm,18935,26570,29626,24.500,53.000,24.500
20260915,1000,2000.000,16,4,3,16,0.100,4,2,wait,20680,27246,30311,0.000,0.000,0.000
20260915,1000,2000.000,16,4,3,16,0.100,4,2,replication,2460,19113,22586,0.000,0.000,0.000
20260915,1000,2000.000,16,4,3,16,0.100,4,2,codedllm,15281,25582,27807,50.600,0.000,50.600
20260915,1000,2000.000,16,4,3,16,0.100,4,4,wait,20680,27246,30311,0.000,0.000,0.000
20260915,1000,2000.000,16,4,3,16,0.100,4,4,replication,2460,19113,22586,0.000,0.000,0.000
20260915,1000,2000.000,16,4,3,16,0.100,4,4,codedllm,15281,25582,27807,50.600,0.000,50.600
20260915,1000,2000.000,16,4,3,16,0.100,16,2,wait,20680,27246,30311,0.000,0.000,0.000
20260915,1000,2000.000,16,4,3,16,0.100,16,2,replication,2460,19113,22586,0.000,0.000,0.000
20260915,1000,2000.000,16,4,3,16,0.100,16,2,codedllm,15281,25582,27807,50.600,0.000,50.600
20260915,1000,2000.000,16,4,3,16,0.100,16,4,wait,20680,27246,30311,0.000,0.000,0.000
20260915,1000,2000.000,16,4,3,16,0.100,16,4,replication,2460,19113,22586,0.000,0.000,0.000
20260915,1000,2000.000,16,4,3,16,0.100,16,4,codedllm,15281,25582,27807,50.600,0.000,50.600
20260915,1000,2000.000,16,8,3,16,0.100,1,2,wait,20674,27271,30379,0.000,0.000,0.000
20260915,1000,2000.000,16,8,3,16,0.100,1,2,replication,2463,19113,22750,0.000,0.000,0.000
20260915,1000,2000.000,16,8,3,16,0.100,1,2,codedllm,17084,26558,29539,31.200,66.200,31.200
20260915,1000,2000.000,16,8,3,16,0.100,1,4,wait,20674,27271,30379,0.000,0.000,0.000
20260915,1000,2000.000,16,8,3,16,0.100,1,4,replication,2463,19113,22750,0.000,0.000,0.000
20260915,1000,2000.000,16,8,3,16,0.100,1,4,codedllm,17084,26558,29539,31.200,66.200,31.200
20260915,1000,2000.000,16,8,3,16,0.100,4,2,wait,20674,27271,30379,0.000,0.000,0.000
20260915,1000,2000.000,16,8,3,16,0.100,4,2,replication,2463,19113,22750,0.000,0.000,0.000
20260915,1000,2000.000,16,8,3,16,0.100,4,2,codedllm,2598,21537,25872,88.300,0.300,88.300
20260915,1000,2000.000,16,8,3,16,0.100,4,4,wait,20674,27271,30379,0.000,0.000,0.000
20260915,1000,2000.000,16,8,3,16,0.100,4,4,replication,2463,19113,22750,0.000,0.000,0.000
20260915,1000,2000.000,16,8,3,16,0.100,4,4,codedllm,2597,21537,25872,88.300,0.300,88.300
20260915,1000,2000.000,16,8,3,16,0.100,16,2,wait,20674,27271,30379,0.000,0.000,0.000
20260915,1000,2000.000,16,8,3,16,0.100,16,2,replication,2463,19113,22750,0.000,0.000,0.000
20260915,1000,2000.000,16,8,3,16,0.100,16,2,codedllm,2597,21210,25808,88.600,0.000,88.600
20260915,1000,2000.000,16,8,3,16,0.100,16,4,wait,20674,27271,30379,0.000,0.000,0.000
20260915,1000,2000.000,16,8,3,16,0.100,16,4,replication,2463,19113,22750,0.000,0.000,0.000
20260915,1000,2000.000,16,8,3,16,0.100,16,4,codedllm,2595,21210,25808,88.600,0.000,88.600
20260916,1000,2000.000,16,4,3,16,0.010,1,2,wait,2731,21112,25658,0.000,0.000,0.000
20260916,1000,2000.000,16,4,3,16,0.010,1,2,replication,2337,2691,2905,0.000,0.000,0.000
20260916,1000,2000.000,16,4,3,16,0.010,1,2,codedllm,2673,19584,25048,21.400,44.000,21.400
20260916,1000,2000.000,16,4,3,16,0.010,1,4,wait,2731,21112,25658,0.000,0.000,0.000
20260916,1000,2000.000,16,4,3,16,0.010,1,4,replication,2337,2691,2905,0.000,0.000,0.000
20260916,1000,2000.000,16,4,3,16,0.010,1,4,codedllm,2673,19584,25048,21.400,44.000,21.400
20260916,1000,2000.000,16,4,3,16,0.010,4,2,wait,2731,21112,25658,0.000,0.000,0.000
20260916,1000,2000.000,16,4,3,16,0.010,4,2,replication,2337,2691,2905,0.000,0.000,0.000
20260916,1000,2000.000,16,4,3,16,0.010,4,2,codedllm,2634,14946,23129,34.500,0.000,34.500
20260916,1000,2000.000,16,4,3,16,0.010,4,4,wait,2731,21112,25658,0.000,0.000,0.000
20260916,1000,2000.000,16,4,3,16,0.010,4,4,replication,2337,2691,2905,0.000,0.000,0.000
20260916,1000,2000.000,16,4,3,16,0.010,4,4,codedllm,2634,14946,23129,34.500,0.000,34.500
20260916,1000,2000.000,16,4,3,16,0.010,16,2,wait,2731,21112,25658,0.000,0.000,0.000
20260916,1000,2000.000,16,4,3,16,0.010,16,2,replication,2337,2691,2905,0.000,0.000,0.000
20260916,1000,2000.000,16,4,3,16,0.010,16,2,codedllm,2634,14946,23129,34.500,0.000,34.500
20260916,1000,2000.000,16,4,3,16,0.010,16,4,wait,2731,21112,25658,0.000,0.000,0.000
20260916,1000,2000.000,16,4,3,16,0.010,16,4,replication,2337,2691,2905,0.000,0.000,0.000
20260916,1000,2000.000,16,4,3,16,0.010,16,4,codedllm,2634,14946,23129,34.500,0.000,34.500
20260916,1000,2000.000,16,8,3,16,0.010,1,2,wait,2725,20890,24526,0.000,0.000,0.000
20260916,1000,2000.000,16,8,3,16,0.010,1,2,replication,2339,2657,2827,0.000,0.000,0.000
20260916,1000,2000.000,16,8,3,16,0.010,1,2,codedllm,2641,19211,24016,26.700,56.800,26.700
20260916,1000,2000.000,16,8,3,16,0.010,1,4,wait,2725,20890,24526,0.000,0.000,0.000
20260916,1000,2000.000,16,8,3,16,0.010,1,4,replication,2339,2657,2827,0.000,0.000,0.000
20260916,1000,2000.000,16,8,3,16,0.010,1,4,codedllm,2641,19211,24016,26.700,56.800,26.700
20260916,1000,2000.000,16,8,3,16,0.010,4,2,wait,2725,20890,24526,0.000,0.000,0.000
20260916,1000,2000.000,16,8,3,16,0.010,4,2,replication,2339,2657,2827,0.000,0.000,0.000
20260916,1000,2000.000,16,8,3,16,0.010,4,2,codedllm,2557,3070,20767,59.900,0.000,59.900
20260916,1000,2000.000,16,8,3,16,0.010,4,4,wait,2725,20890,24526,0.000,0.000,0.000
20260916,1000,2000.000,16,8,3,16,0.010,4,4,replication,2339,2657,2827,0.000,0.000,0.000
20260916,1000,2000.000,16,8,3,16,0.010,4,4,codedllm,2557,3070,20767,59.900,0.000,59.900
20260916,1000,2000.000,16,8,3,16,0.010,16,2,wait,2725,20890,24526,0.000,0.000,0.000
20260916,1000,2000.000,16,8,3,16,0.010,16,2,replication,2339,2657,2827,0.000,0.000,0.000
20260916,1000,2000.000,16,8,3,16,0.010,16,2,codedllm,2557,3070,20767,59.900,0.000,59.900
20260916,1000,2000.000,16,8,3,16,0.010,16,4,wait,2725,20890,24526,0.000,0.000,0.000
20260916,1000,2000.000,16,8,3,16,0.010,16,4,replication,2339,2657,2827,0.000,0.000,0.000
20260916,1000,2000.000,16,8,3,16,0.010,16,4,codedllm,2557,3070,20767,59.900,0.000,59.900
20260916,1000,2000.000,16,4,3,16,0.050,1,2,wait,15558,26173,28217,0.000,0.000,0.000
20260916,1000,2000.000,16,4,3,16,0.050,1,2,replication,2391,3032,20402,0.000,0.000,0.000
20260916,1000,2000.000,16,4,3,16,0.050,1,2,codedllm,2949,24808,28044,22.400,45.700,22.400
20260916,1000,2000.000,16,4,3,16,0.050,1,4,wait,15558,26173,28217,0.000,0.000,0.000
20260916,1000,2000.000,16,4,3,16,0.050,1,4,replication,2391,3032,20402,0.000,0.000,0.000
20260916,1000,2000.000,16,4,3,16,0.050,1,4,codedllm,2949,24808,28044,22.400,45.700,22.400
20260916,1000,2000.000,16,4,3,16,0.050,4,2,wait,15558,26173,28217,0.000,0.000,0.000
20260916,1000,2000.000,16,4,3,16,0.050,4,2,replication,2391,3032,20402,0.000,0.000,0.000
20260916,1000,2000.000,16,4,3,16,0.050,4,2,codedllm,2818,24125,27368,39.800,0.000,39.800
20260916,1000,2000.000,16,4,3,16,0.050,4,4,wait,15558,26173,28217,0.000,0.000,0.000
20260916,1000,2000.000,16,4,3,16,0.050,4,4,replication,2391,3032,20402,0.000,0.000,0.000
20260916,1000,2000.000,16,4,3,16,0.050,4,4,codedllm,2818,24125,27368,39.800,0.000,39.800
20260916,1000,2000.000,16,4,3,16,0.050,16,2,wait,15558,26173,28217,0.000,0.000,0.000
20260916,1000,2000.000,16,4,3,16,0.050,16,2,replication,2391,3032,20402,0.000,0.000,0.000
20260916,1000,2000.000,16,4,3,16,0.050,16,2,codedllm,2818,24125,27368,39.800,0.000,39.800
20260916,1000,2000.000,16,4,3,16,0.050,16,4,wait,15558,26173,28217,0.000,0.000,0.000
20260916,1000,2000.000,16,4,3,16,0.050,16,4,replication,2391,3032,20402,0.000,0.000,0.000
20260916,1000,2000.000,16,4,3,16,0.050,16,4,codedllm,2818,24125,27368,39.800,0.000,39.800
20260916,1000,2000.000,16,8,3,16,0.050,1,2,wait,15559,26445,28350,0.000,0.000,0.000
20260916,1000,2000.000,16,8,3,16,0.050,1,2,replication,2398,3020,20345,0.000,0.000,0.000
20260916,1000,2000.000,16,8,3,16,0.050,1,2,codedllm,2842,25849,28109,29.300,58.800,29.300
20260916,1000,2000.000,16,8,3,16,0.050,1,4,wait,15559,26445,28350,0.000,0.000,0.000
20260916,1000,2000.000,16,8,3,16,0.050,1,4,replication,2398,3020,20345,0.000,0.000,0.000
20260916,1000,2000.000,16,8,3,16,0.050,1,4,codedllm,2842,25849,28109,29.300,58.800,29.300
20260916,1000,2000.000,16,8,3,16,0.050,4,2,wait,15559,26445,28350,0.000,0.000,0.000
20260916,1000,2000.000,16,8,3,16,0.050,4,2,replication,2398,3020,20345,0.000,0.000,0.000
20260916,1000,2000.000,16,8,3,16,0.050,4,2,codedllm,2624,22861,27368,67.400,0.000,67.400
20260916,1000,2000.000,16,8,3,16,0.050,4,4,wait,15559,26445,28350,0.000,0.000,0.000
20260916,1000,2000.000,16,8,3,16,0.050,4,4,replication,2398,3020,20345,0.000,0.000,0.000
20260916,1000,2000.000,16,8,3,16,0.050,4,4,codedllm,2624,22861,27368,67.400,0.000,67.400
20260916,1000,2000.000,16,8,3,16,0.050,16,2,wait,15559,26445,28350,0.000,0.000,0.000
20260916,1000,2000.000,16,8,3,16,0.050,16,2,replication,2398,3020,20345,0.000,0.000,0.000
20260916,1000,2000.000,16,8,3,16,0.050,16,2,codedllm,2624,22861,27368,67.400,0.000,67.400
20260916,1000,2000.000,16,8,3,16,0.050,16,4,wait,15559,26445,28350,0.000,0.000,0.000
20260916,1000,2000.000,16,8,3,16,0.050,16,4,replication,2398,3020,20345,0.000,0.000,0.000
20260916,1000,2000.000,16,8,3,16,0.050,16,4,codedllm,2624,22861,27368,67.400,0.000,67.400
20260916,1000,2000.000,16,4,3,16,0.100,1,2,wait,20646,27184,30013,0.000,0.000,0.000
20260916,1000,2000.000,16,4,3,16,0.100,1,2,replication,2480,19229,22190,0.000,0.000,0.000
20260916,1000,2000.000,16,4,3,16,0.100,1,2,codedllm,19036,26471,28938,22.200,50.600,22.200
20260916,1000,2000.000,16,4,3,16,0.100,1,4,wait,20646,27184,30013,0.000,0.000,0.000
20260916,1000,2000.000,16,4,3,16,0.100,1,4,replication,2480,19229,22190,0.000,0.000,0.000
20260916,1000,2000.000,16,4,3,16,0.100,1,4,codedllm,19036,26471,28938,22.200,50.600,22.200
20260916,1000,2000.000,16,4,3,16,0.100,4,2,wait,20646,27184,30013,0.000,0.000,0.000
20260916,1000,2000.000,16,4,3,16,0.100,4,2,replication,2480,19229,22190,0.000,0.000,0.000
20260916,1000,2000.000,16,4,3,16,0.100,4,2,codedllm,16086,25956,28683,44.700,0.000,44.700
20260916,1000,2000.000,16,4,3,16,0.100,4,4,wait,20646,27184,30013,0.000,0.000,0.000
20260916,1000,2000.000,16,4,3,16,0.100,4,4,replication,2480,19229,22190,0.000,0.000,0.000
20260916,1000,2000.000,16,4,3,16,0.100,4,4,codedllm,16086,25956,28683,44.700,0.000,44.700
20260916,1000,2000.000,16,4,3,16,0.100,16,2,wait,20646,27184,30013,0.000,0.000,0.000
20260916,1000,2000.000,16,4,3,16,0.100,16,2,replication,2480,19229,22190,0.000,0.000,0.000
20260916,1000,2000.000,16,4,3,16,0.100,16,2,codedllm,16086,25956,28683,44.700,0.000,44.700
20260916,1000,2000.000,16,4,3,16,0.100,16,4,wait,20646,27184,30013,0.000,0.000,0.000
20260916,1000,2000.000,16,4,3,16,0.100,16,4,replication,2480,19229,22190,0.000,0.000,0.000
20260916,1000,2000.000,16,4,3,16,0.100,16,4,codedllm,16086,25956,28683,44.700,0.000,44.700
20260916,1000,2000.000,16,8,3,16,0.100,1,2,wait,20673,27311,30004,0.000,0.000,0.000
20260916,1000,2000.000,16,8,3,16,0.100,1,2,replication,2457,19123,22530,0.000,0.000,0.000
20260916,1000,2000.000,16,8,3,16,0.100,1,2,codedllm,17790,26887,29151,28.800,58.100,28.800
20260916,1000,2000.000,16,8,3,16,0.100,1,4,wait,20673,27311,30004,0.000,0.000,0.000
20260916,1000,2000.000,16,8,3,16,0.100,1,4,replication,2457,19123,22530,0.000,0.000,0.000
20260916,1000,2000.000,16,8,3,16,0.100,1,4,codedllm,17790,26887,29151,28.800,58.100,28.800
20260916,1000,2000.000,16,8,3,16,0.100,4,2,wait,20673,27311,30004,0.000,0.000,0.000
20260916,1000,2000.000,16,8,3,16,0.100,4,2,replication,2457,19123,22530,0.000,0.000,0.000
20260916,1000,2000.000,16,8,3,16,0.100,4,2,codedllm,2795,24327,27908,68.300,0.000,68.300
20260916,1000,2000.000,16,8,3,16,0.100,4,4,wait,20673,27311,30004,0.000,0.000,0.000
20260916,1000,2000.000,16,8,3,16,0.100,4,4,replication,2457,19123,22530,0.000,0.000,0.000
20260916,1000,2000.000,16,8,3,16,0.100,4,4,codedllm,2795,24327,27908,68.300,0.000,68.300
20260916,1000,2000.000,16,8,3,16,0.100,16,2,wait,20673,27311,30004,0.000,0.000,0.000
20260916,1000,2000.000,16,8,3,16,0.100,16,2,replication,2457,19123,22530,0.000,0.000,0.000
20260916,1000,2000.000,16,8,3,16,0.100,16,2,codedllm,2795,24327,27908,68.300,0.000,68.300
20260916,1000,2000.000,16,8,3,16,0.100,16,4,wait,20673,27311,30004,0.000,0.000,0.000
20260916,1000,2000.000,16,8,3,16,0.100,16,4,replication,2457,19123,22530,0.000,0.000,0.000
20260916,1000,2000.000,16,8,3,16,0.100,16,4,codedllm,2795,24327,27908,68.300,0.000,68.300
20260917,1000,2000.000,16,4,3,16,0.010,1,2,wait,2731,22211,25731,0.000,0.000,0.000
20260917,1000,2000.000,16,4,3,16,0.010,1,2,replication,2337,2673,2883,0.000,0.000,0.000
20260917,1000,2000.000,16,4,3,16,0.010,1,2,codedllm,2661,20589,25515,24.500,47.400,24.500
20260917,1000,2000.000,16,4,3,16,0.010,1,4,wait,2731,22211,25731,0.000,0.000,0.000
20260917,1000,2000.000,16,4,3,16,0.010,1,4,replication,2337,2673,2883,0.000,0.000,0.000
20260917,1000,2000.000,16,4,3,16,0.010,1,4,codedllm,2661,20589,25515,24.500,47.400,24.500
20260917,1000,2000.000,16,4,3,16,0.010,4,2,wait,2731,22211,25731,0.000,0.000,0.000
20260917,1000,2000.000,16,4,3,16,0.010,4,2,replication,2337,2673,2883,0.000,0.000,0.000
20260917,1000,2000.000,16,4,3,16,0.010,4,2,codedllm,2604,16916,23436,44.600,0.000,44.600
20260917,1000,2000.000,16,4,3,16,0.010,4,4,wait,2731,22211,25731,0.000,0.000,0.000
20260917,1000,2000.000,16,4,3,16,0.010,4,4,replication,2337,2673,2883,0.000,0.000,0.000
20260917,1000,2000.000,16,4,3,16,0.010,4,4,codedllm,2604,16916,23436,44.600,0.000,44.600
20260917,1000,2000.000,16,4,3,16,0.010,16,2,wait,2731,22211,25731,0.000,0.000,0.000
20260917,1000,2000.000,16,4,3,16,0.010,16,2,replication,2337,2673,2883,0.000,0.000,0.000
20260917,1000,2000.000,16,4,3,16,0.010,16,2,codedllm,2604,16916,23436,44.600,0.000,44.600
20260917,1000,2000.000,16,4,3,16,0.010,16,4,wait,2731,22211,25731,0.000,0.000,0.000
20260917,1000,2000.000,16,4,3,16,0.010,16,4,replication,2337,2673,2883,0.000,0.000,0.000
20260917,1000,2000.000,16,4,3,16,0.010,16,4,codedllm,2604,16916,23436,44.600,0.000,44.600
20260917,1000,2000.000,16,8,3,16,0.010,1,2,wait,2722,22263,25731,0.000,0.000,0.000
20260917,1000,2000.000,16,8,3,16,0.010,1,2,replication,2339,2671,2881,0.000,0.000,0.000
20260917,1000,2000.000,16,8,3,16,0.010,1,2,codedllm,2622,20081,25328,28.100,59.100,28.100
20260917,1000,2000.000,16,8,3,16,0.010,1,4,wait,2722,22263,25731,0.000,0.000,0.000
20260917,1000,2000.000,16,8,3,16,0.010,1,4,replication,2339,2671,2881,0.000,0.000,0.000
20260917,1000,2000.000,16,8,3,16,0.010,1,4,codedllm,2622,20081,25328,28.100,59.100,28.100
20260917,1000,2000.000,16,8,3,16,0.010,4,2,wait,2722,22263,25731,0.000,0.000,0.000
20260917,1000,2000.000,16,8,3,16,0.010,4,2,replication,2339,2671,2881,0.000,0.000,0.000
20260917,1000,2000.000,16,8,3,16,0.010,4,2,codedllm,2512,3033,21462,66.600,0.000,66.600
20260917,1000,2000.000,16,8,3,16,0.010,4,4,wait,2722,22263,25731,0.000,0.000,0.000
20260917,1000,2000.000,16,8,3,16,0.010,4,4,replication,2339,2671,2881,0.000,0.000,0.000
20260917,1000,2000.000,16,8,3,16,0.010,4,4,codedllm,2512,3033,21462,66.700,0.000,66.700
20260917,1000,2000.000,16,8,3,16,0.010,16,2,wait,2722,22263,25731,0.000,0.000,0.000
20260917,1000,2000.000,16,8,3,16,0.010,16,2,replication,2339,2671,2881,0.000,0.000,0.000
20260917,1000,2000.000,16,8,3,16,0.010,16,2,codedllm,2512,3033,21462,66.600,0.000,66.600
20260917,1000,2000.000,16,8,3,16,0.010,16,4,wait,2722,22263,25731,0.000,0.000,0.000
20260917,1000,2000.000,16,8,3,16,0.010,16,4,replication,2339,2671,2881,0.000,0.000,0.000
20260917,1000,2000.000,16,8,3,16,0.010,16,4,codedllm,2512,3033,21462,66.700,0.000,66.700
20260917,1000,2000.000,16,4,3,16,0.050,1,2,wait,14907,25519,28703,0.000,0.000,0.000
20260917,1000,2000.000,16,4,3,16,0.050,1,2,replication,2384,13938,20429,0.000,0.000,0.000
20260917,1000,2000.000,16,4,3,16,0.050,1,2,codedllm,2905,24865,28294,24.500,50.800,24.500
20260917,1000,2000.000,16,4,3,16,0.050,1,4,wait,14907,25519,28703,0.000,0.000,0.000
20260917,1000,2000.000,16,4,3,16,0.050,1,4,replication,2384,13938,20429,0.000,0.000,0.000
20260917,1000,2000.000,16,4,3,16,0.050,1,4,codedllm,2905,24865,28294,24.500,50.800,24.500
20260917,1000,2000.000,16,4,3,16,0.050,4,2,wait,14907,25519,28703,0.000,0.000,0.000
20260917,1000,2000.000,16,4,3,16,0.050,4,2,replication,2384,13938,20429,0.000,0.000,0.000
20260917,1000,2000.000,16,4,3,16,0.050,4,2,codedllm,2773,24145,27426,47.400,0.000,47.400
20260917,1000,2000.000,16,4,3,16,0.050,4,4,wait,14907,25519,28703,0.000,0.000,0.000
20260917,1000,2000.000,16,4,3,16,0.050,4,4,replication,2384,13938,20429,0.000,0.000,0.000
20260917,1000,2000.000,16,4,3,16,0.050,4,4,codedllm,2773,24145,27426,47.400,0.000,47.400
20260917,1000,2000.000,16,4,3,16,0.050,16,2,wait,14907,25519,28703,0.000,0.000,0.000
20260917,1000,2000.000,16,4,3,16,0.050,16,2,replication,2384,13938,20429,0.000,0.000,0.000
20260917,1000,2000.000,16,4,3,16,0.050,16,2,codedllm,2773,24145,27426,47.400,0.000,47.400
20260917,1000,2000.000,16,4,3,16,0.050,16,4,wait,14907,25519,28703,0.000,0.000,0.000
20260917,1000,2000.000,16,4,3,16,0.050,16,4,replication,2384,13938,20429,0.000,0.000,0.000
20260917,1000,2000.000,16,4,3,16,0.050,16,4,codedllm,2773,24145,27426,47.400,0.000,47.400
20260917,1000,2000.000,16,8,3,16,0.050,1,2,wait,14538,25519,28154,0.000,0.000,0.000
20260917,1000,2000.000,16,8,3,16,0.050,1,2,replication,2383,2994,19991,0.000,0.000,0.000
20260917,1000,2000.000,16,8,3,16,0.050,1,2,codedllm,2829,24745,27090,29.300,59.400,29.300
20260917,1000,2000.000,16,8,3,16,0.050,1,4,wait,14538,25519,28154,0.000,0.000,0.000
20260917,1000,2000.000,16,8,3,16,0.050,1,4,replication,2383,2994,19991,0.000,0.000,0.000
20260917,1000,2000.000,16,8,3,16,0.050,1,4,codedllm,2829,24745,27090,29.300,59.400,29.300
20260917,1000,2000.000,16,8,3,16,0.050,4,2,wait,14538,25519,28154,0.000,0.000,0.000
20260917,1000,2000.000,16,8,3,16,0.050,4,2,replication,2383,2994,19991,0.000,0.000,0.000
20260917,1000,2000.000,16,8,3,16,0.050,4,2,codedllm,2592,21977,25148,69.100,0.000,69.100
20260917,1000,2000.000,16,8,3,16,0.050,4,4,wait,14538,25519,28154,0.000,0.000,0.000
20260917,1000,2000.000,16,8,3,16,0.050,4,4,replication,2383,2994,19991,0.000,0.000,0.000
20260917,1000,2000.000,16,8,3,16,0.050,4,4,codedllm,2592,21977,25148,69.200,0.000,69.200
20260917,1000,2000.000,16,8,3,16,0.050,16,2,wait,14538,25519,28154,0.000,0.000,0.000
20260917,1000,2000.000,16,8,3,16,0.050,16,2,replication,2383,2994,19991,0.000,0.000,0.000
20260917,1000,2000.000,16,8,3,16,0.050,16,2,codedllm,2592,21977,25148,69.100,0.000,69.100
20260917,1000,2000.000,16,8,3,16,0.050,16,4,wait,14538,25519,28154,0.000,0.000,0.000
20260917,1000,2000.000,16,8,3,16,0.050,16,4,replication,2383,2994,19991,0.000,0.000,0.000
20260917,1000,2000.000,16,8,3,16,0.050,16,4,codedllm,2592,21977,25148,69.200,0.000,69.200
20260917,1000,2000.000,16,4,3,16,0.100,1,2,wait,20819,27532,29884,0.000,0.000,0.000
20260917,1000,2000.000,16,4,3,16,0.100,1,2,replication,2469,19252,21711,0.000,0.000,0.000
20260917,1000,2000.000,16,4,3,16,0.100,1,2,codedllm,19040,27060,29106,25.800,53.000,25.800
20260917,1000,2000.000,16,4,3,16,0.100,1,4,wait,20819,27532,29884,0.000,0.000,0.000
20260917,1000,2000.000,16,4,3,16,0.100,1,4,replication,2469,19252,21711,0.000,0.000,0.000
20260917,1000,2000.000,16,4,3,16,0.100,1,4,codedllm,19040,27060,29106,25.800,53.000,25.800
20260917,1000,2000.000,16,4,3,16,0.100,4,2,wait,20819,27532,29884,0.000,0.000,0.000
20260917,1000,2000.000,16,4,3,16,0.100,4,2,replication,2469,19252,21711,0.000,0.000,0.000
20260917,1000,2000.000,16,4,3,16,0.100,4,2,codedllm,14238,25899,28302,55.100,0.000,55.100
20260917,1000,2000.000,16,4,3,16,0.100,4,4,wait,20819,27532,29884,0.000,0.000,0.000
20260917,1000,2000.000,16,4,3,16,0.100,4,4,replication,2469,19252,21711,0.000,0.000,0.000
20260917,1000,2000.000,16,4,3,16,0.100,4,4,codedllm,14238,25899,28302,55.100,0.000,55.100
20260917,1000,2000.000,16,4,3,16,0.100,16,2,wait,20819,27532,29884,0.000,0.000,0.000
20260917,1000,2000.000,16,4,3,16,0.100,16,2,replication,2469,19252,21711,0.000,0.000,0.000
20260917,1000,2000.000,16,4,3,16,0.100,16,2,codedllm,14238,25899,28302,55.100,0.000,55.100
20260917,1000,2000.000,16,4,3,16,0.100,16,4,wait,20819,27532,29884,0.000,0.000,0.000
20260917,1000,2000.000,16,4,3,16,0.100,16,4,replication,2469,19252,21711,0.000,0.000,0.000
20260917,1000,2000.000,16,4,3,16,0.100,16,4,codedllm,14238,25899,28302,55.100,0.000,55.100
20260917,1000,2000.000,16,8,3,16,0.100,1,2,wait,20527,27259,29636,0.000,0.000,0.000
20260917,1000,2000.000,16,8,3,16,0.100,1,2,replication,2468,18945,21969,0.000,0.000,0.000
20260917,1000,2000.000,16,8,3,16,0.100,1,2,codedllm,17499,26868,29206,29.700,60.800,29.700
20260917,1000,2000.000,16,8,3,16,0.100,1,4,wait,20527,27259,29636,0.000,0.000,0.000
20260917,1000,2000.000,16,8,3,16,0.100,1,4,replication,2468,18945,21969,0.000,0.000,0.000
20260917,1000,2000.000,16,8,3,16,0.100,1,4,codedllm,17499,26868,29206,29.700,60.800,29.700
20260917,1000,2000.000,16,8,3,16,0.100,4,2,wait,20527,27259,29636,0.000,0.000,0.000
20260917,1000,2000.000,16,8,3,16,0.100,4,2,replication,2468,18945,21969,0.000,0.000,0.000
20260917,1000,2000.000,16,8,3,16,0.100,4,2,codedllm,2710,23476,27453,74.900,0.200,74.900
20260917,1000,2000.000,16,8,3,16,0.100,4,4,wait,20527,27259,29636,0.000,0.000,0.000
20260917,1000,2000.000,16,8,3,16,0.100,4,4,replication,2468,18945,21969,0.000,0.000,0.000
20260917,1000,2000.000,16,8,3,16,0.100,4,4,codedllm,2710,23476,27453,75.000,0.200,75.000
20260917,1000,2000.000,16,8,3,16,0.100,16,2,wait,20527,27259,29636,0.000,0.000,0.000
20260917,1000,2000.000,16,8,3,16,0.100,16,2,replication,2468,18945,21969,0.000,0.000,0.000
20260917,1000,2000.000,16,8,3,16,0.100,16,2,codedllm,2710,23401,27453,75.000,0.000,75.000
20260917,1000,2000.000,16,8,3,16,0.100,16,4,wait,20527,27259,29636,0.000,0.000,0.000
20260917,1000,2000.000,16,8,3,16,0.100,16,4,replication,2468,18945,21969,0.000,0.000,0.000
20260917,1000,2000.000,16,8,3,16,0.100,16,4,codedllm,2710,23401,27453,75.200,0.000,75.200
20260918,1000,2000.000,16,4,3,16,0.010,1,2,wait,2727,20722,24639,0.000,0.000,0.000
20260918,1000,2000.000,16,4,3,16,0.010,1,2,replication,2344,2681,2888,0.000,0.000,0.000
20260918,1000,2000.000,16,4,3,16,0.010,1,2,codedllm,2662,18972,24037,25.200,48.000,25.200
20260918,1000,2000.000,16,4,3,16,0.010,1,4,wait,2727,20722,24639,0.000,0.000,0.000
20260918,1000,2000.000,16,4,3,16,0.010,1,4,replication,2344,2681,2888,0.000,0.000,0.000
20260918,1000,2000.000,16,4,3,16,0.010,1,4,codedllm,2662,18972,24037,25.200,48.000,25.200
20260918,1000,2000.000,16,4,3,16,0.010,4,2,wait,2727,20722,24639,0.000,0.000,0.000
20260918,1000,2000.000,16,4,3,16,0.010,4,2,replication,2344,2681,2888,0.000,0.000,0.000
20260918,1000,2000.000,16,4,3,16,0.010,4,2,codedllm,2619,10671,22883,44.200,0.000,44.200
20260918,1000,2000.000,16,4,3,16,0.010,4,4,wait,2727,20722,24639,0.000,0.000,0.000
20260918,1000,2000.000,16,4,3,16,0.010,4,4,replication,2344,2681,2888,0.000,0.000,0.000
20260918,1000,2000.000,16,4,3,16,0.010,4,4,codedllm,2619,10671,22883,44.200,0.000,44.200
20260918,1000,2000.000,16,4,3,16,0.010,16,2,wait,2727,20722,24639,0.000,0.000,0.000
20260918,1000,2000.000,16,4,3,16,0.010,16,2,replication,2344,2681,2888,0.000,0.000,0.000
20260918,1000,2000.000,16,4,3,16,0.010,16,2,codedllm,2619,10671,22883,44.200,0.000,44.200
20260918,1000,2000.000,16,4,3,16,0.010,16,4,wait,2727,20722,24639,0.000,0.000,0.000
20260918,1000,2000.000,16,4,3,16,0.010,16,4,replication,2344,2681,2888,0.000,0.000,0.000
20260918,1000,2000.000,16,4,3,16,0.010,16,4,codedllm,2619,10671,22883,44.200,0.000,44.200
20260918,1000,2000.000,16,8,3,16,0.010,1,2,wait,2710,21268,24282,0.000,0.000,0.000
20260918,1000,2000.000,16,8,3,16,0.010,1,2,replication,2347,2656,2847,0.000,0.000,0.000
20260918,1000,2000.000,16,8,3,16,0.010,1,2,codedllm,2630,19378,24145,27.900,56.500,27.900
20260918,1000,2000.000,16,8,3,16,0.010,1,4,wait,2710,21268,24282,0.000,0.000,0.000
20260918,1000,2000.000,16,8,3,16,0.010,1,4,replication,2347,2656,2847,0.000,0.000,0.000
20260918,1000,2000.000,16,8,3,16,0.010,1,4,codedllm,2630,19378,24145,27.900,56.500,27.900
20260918,1000,2000.000,16,8,3,16,0.010,4,2,wait,2710,21268,24282,0.000,0.000,0.000
20260918,1000,2000.000,16,8,3,16,0.010,4,2,replication,2347,2656,2847,0.000,0.000,0.000
20260918,1000,2000.000,16,8,3,16,0.010,4,2,codedllm,2547,3032,22777,60.800,0.000,60.800
20260918,1000,2000.000,16,8,3,16,0.010,4,4,wait,2710,21268,24282,0.000,0.000,0.000
20260918,1000,2000.000,16,8,3,16,0.010,4,4,replication,2347,2656,2847,0.000,0.000,0.000
20260918,1000,2000.000,16,8,3,16,0.010,4,4,codedllm,2547,3030,22777,60.800,0.000,60.800
20260918,1000,2000.000,16,8,3,16,0.010,16,2,wait,2710,21268,24282,0.000,0.000,0.000
20260918,1000,2000.000,16,8,3,16,0.010,16,2,replication,2347,2656,2847,0.000,0.000,0.000
20260918,1000,2000.000,16,8,3,16,0.010,16,2,codedllm,2547,3032,22777,60.800,0.000,60.800
20260918,1000,2000.000,16,8,3,16,0.010,16,4,wait,2710,21268,24282,0.000,0.000,0.000
20260918,1000,2000.000,16,8,3,16,0.010,16,4,replication,2347,2656,2847,0.000,0.000,0.000
20260918,1000,2000.000,16,8,3,16,0.010,16,4,codedllm,2547,3030,22777,60.800,0.000,60.800
20260918,1000,2000.000,16,4,3,16,0.050,1,2,wait,16527,26354,29069,0.000,0.000,0.000
20260918,1000,2000.000,16,4,3,16,0.050,1,2,replication,2396,3091,18998,0.000,0.000,0.000
20260918,1000,2000.000,16,4,3,16,0.050,1,2,codedllm,2950,25460,28664,25.300,51.300,25.300
20260918,1000,2000.000,16,4,3,16,0.050,1,4,wait,16527,26354,29069,0.000,0.000,0.000
20260918,1000,2000.000,16,4,3,16,0.050,1,4,replication,2396,3091,18998,0.000,0.000,0.000
20260918,1000,2000.000,16,4,3,16,0.050,1,4,codedllm,2950,25460,28664,25.300,51.300,25.300
20260918,1000,2000.000,16,4,3,16,0.050,4,2,wait,16527,26354,29069,0.000,0.000,0.000
20260918,1000,2000.000,16,4,3,16,0.050,4,2,replication,2396,3091,18998,0.000,0.000,0.000
20260918,1000,2000.000,16,4,3,16,0.050,4,2,codedllm,2783,23784,27276,49.900,0.000,49.900
20260918,1000,2000.000,16,4,3,16,0.050,4,4,wait,16527,26354,29069,0.000,0.000,0.000
20260918,1000,2000.000,16,4,3,16,0.050,4,4,replication,2396,3091,18998,0.000,0.000,0.000
20260918,1000,2000.000,16,4,3,16,0.050,4,4,codedllm,2783,23784,27276,49.900,0.000,49.900
20260918,1000,2000.000,16,4,3,16,0.050,16,2,wait,16527,26354,29069,0.000,0.000,0.000
20260918,1000,2000.000,16,4,3,16,0.050,16,2,replication,2396,3091,18998,0.000,0.000,0.000
20260918,1000,2000.000,16,4,3,16,0.050,16,2,codedllm,2783,23784,27276,49.900,0.000,49.900
20260918,1000,2000.000,16,4,3,16,0.050,16,4,wait,16527,26354,29069,0.000,0.000,0.000
20260918,1000,2000.000,16,4,3,16,0.050,16,4,replication,2396,3091,18998,0.000,0.000,0.000
20260918,1000,2000.000,16,4,3,16,0.050,16,4,codedllm,2783,23784,27276,49.900,0.000,49.900
20260918,1000,2000.000,16,8,3,16,0.050,1,2,wait,15952,26338,29633,0.000,0.000,0.000
20260918,1000,2000.000,16,8,3,16,0.050,1,2,replication,2400,3000,19412,0.000,0.000,0.000
20260918,1000,2000.000,16,8,3,16,0.050,1,2,codedllm,2857,25658,29069,27.300,57.700,27.300
20260918,1000,2000.000,16,8,3,16,0.050,1,4,wait,15952,26338,29633,0.000,0.000,0.000
20260918,1000,2000.000,16,8,3,16,0.050,1,4,replication,2400,3000,19412,0.000,0.000,0.000
20260918,1000,2000.000,16,8,3,16,0.050,1,4,codedllm,2857,25658,29069,27.300,57.700,27.300
20260918,1000,2000.000,16,8,3,16,0.050,4,2,wait,15952,26338,29633,0.000,0.000,0.000
20260918,1000,2000.000,16,8,3,16,0.050,4,2,replication,2400,3000,19412,0.000,0.000,0.000
20260918,1000,2000.000,16,8,3,16,0.050,4,2,codedllm,2655,22447,26137,63.700,0.400,63.700
20260918,1000,2000.000,16,8,3,16,0.050,4,4,wait,15952,26338,29633,0.000,0.000,0.000
20260918,1000,2000.000,16,8,3,16,0.050,4,4,replication,2400,3000,19412,0.000,0.000,0.000
20260918,1000,2000.000,16,8,3,16,0.050,4,4,codedllm,2655,22447,26137,63.800,0.400,63.800
20260918,1000,2000.000,16,8,3,16,0.050,16,2,wait,15952,26338,29633,0.000,0.000,0.000
20260918,1000,2000.000,16,8,3,16,0.050,16,2,replication,2400,3000,19412,0.000,0.000,0.000
20260918,1000,2000.000,16,8,3,16,0.050,16,2,codedllm,2655,22403,26137,64.000,0.000,64.000
20260918,1000,2000.000,16,8,3,16,0.050,16,4,wait,15952,26338,29633,0.000,0.000,0.000
20260918,1000,2000.000,16,8,3,16,0.050,16,4,replication,2400,3000,19412,0.000,0.000,0.000
20260918,1000,2000.000,16,8,3,16,0.050,16,4,codedllm,2655,22403,26137,64.100,0.000,64.100
20260918,1000,2000.000,16,4,3,16,0.100,1,2,wait,20645,27365,29475,0.000,0.000,0.000
20260918,1000,2000.000,16,4,3,16,0.100,1,2,replication,2460,18628,22131,0.000,0.000,0.000
20260918,1000,2000.000,16,4,3,16,0.100,1,2,codedllm,18798,26817,29475,24.600,52.100,24.600
20260918,1000,2000.000,16,4,3,16,0.100,1,4,wait,20645,27365,29475,0.000,0.000,0.000
20260918,1000,2000.000,16,4,3,16,0.100,1,4,replication,2460,18628,22131,0.000,0.000,0.000
20260918,1000,2000.000,16,4,3,16,0.100,1,4,codedllm,18798,26817,29475,24.600,52.100,24.600
20260918,1000,2000.000,16,4,3,16,0.100,4,2,wait,20645,27365,29475,0.000,0.000,0.000
20260918,1000,2000.000,16,4,3,16,0.100,4,2,replication,2460,18628,22131,0.000,0.000,0.000
20260918,1000,2000.000,16,4,3,16,0.100,4,2,codedllm,15228,25747,28548,53.600,0.000,53.600
20260918,1000,2000.000,16,4,3,16,0.100,4,4,wait,20645,27365,29475,0.000,0.000,0.000
20260918,1000,2000.000,16,4,3,16,0.100,4,4,replication,2460,18628,22131,0.000,0.000,0.000
20260918,1000,2000.000,16,4,3,16,0.100,4,4,codedllm,15228,25747,28548,53.600,0.000,53.600
20260918,1000,2000.000,16,4,3,16,0.100,16,2,wait,20645,27365,29475,0.000,0.000,0.000
20260918,1000,2000.000,16,4,3,16,0.100,16,2,replication,2460,18628,22131,0.000,0.000,0.000
20260918,1000,2000.000,16,4,3,16,0.100,16,2,codedllm,15228,25747,28548,53.600,0.000,53.600
20260918,1000,2000.000,16,4,3,16,0.100,16,4,wait,20645,27365,29475,0.000,0.000,0.000
20260918,1000,2000.000,16,4,3,16,0.100,16,4,replication,2460,18628,22131,0.000,0.000,0.000
20260918,1000,2000.000,16,4,3,16,0.100,16,4,codedllm,15228,25747,28548,53.600,0.000,53.600
20260918,1000,2000.000,16,8,3,16,0.100,1,2,wait,20677,27525,29899,0.000,0.000,0.000
20260918,1000,2000.000,16,8,3,16,0.100,1,2,replication,2463,19185,22675,0.000,0.000,0.000
20260918,1000,2000.000,16,8,3,16,0.100,1,2,codedllm,17691,26880,28883,29.000,61.900,29.000
20260918,1000,2000.000,16,8,3,16,0.100,1,4,wait,20677,27525,29899,0.000,0.000,0.000
20260918,1000,2000.000,16,8,3,16,0.100,1,4,replication,2463,19185,22675,0.000,0.000,0.000
20260918,1000,2000.000,16,8,3,16,0.100,1,4,codedllm,17691,26880,28883,29.000,61.900,29.000
20260918,1000,2000.000,16,8,3,16,0.100,4,2,wait,20677,27525,29899,0.000,0.000,0.000
20260918,1000,2000.000,16,8,3,16,0.100,4,2,replication,2463,19185,22675,0.000,0.000,0.000
20260918,1000,2000.000,16,8,3,16,0.100,4,2,codedllm,2787,24377,27495,70.300,0.000,70.300
20260918,1000,2000.000,16,8,3,16,0.100,4,4,wait,20677,27525,29899,0.000,0.000,0.000
20260918,1000,2000.000,16,8,3,16,0.100,4,4,replication,2463,19185,22675,0.000,0.000,0.000
20260918,1000,2000.000,16,8,3,16,0.100,4,4,codedllm,2787,24377,27495,70.300,0.000,70.300
20260918,1000,2000.000,16,8,3,16,0.100,16,2,wait,20677,27525,29899,0.000,0.000,0.000
20260918,1000,2000.000,16,8,3,16,0.100,16,2,replication,2463,19185,22675,0.000,0.000,0.000
20260918,1000,2000.000,16,8,3,16,0.100,16,2,codedllm,2787,24377,27495,70.300,0.000,70.300
20260918,1000,2000.000,16,8,3,16,0.100,16,4,wait,20677,27525,29899,0.000,0.000,0.000
20260918,1000,2000.000,16,8,3,16,0.100,16,4,replication,2463,19185,22675,0.000,0.000,0.000
20260918,1000,2000.000,16,8,3,16,0.100,16,4,codedllm,2787,24377,27495,70.300,0.000,70.300
20260919,1000,2000.000,16,4,3,16,0.010,1,2,wait,2729,21144,25442,0.000,0.000,0.000
20260919,1000,2000.000,16,4,3,16,0.010,1,2,replication,2340,2688,2885,0.000,0.000,0.000
20260919,1000,2000.000,16,4,3,16,0.010,1,2,codedllm,2678,19734,24606,20.900,43.100,20.900
20260919,1000,2000.000,16,4,3,16,0.010,1,4,wait,2729,21144,25442,0.000,0.000,0.000
20260919,1000,2000.000,16,4,3,16,0.010,1,4,replication,2340,2688,2885,0.000,0.000,0.000
20260919,1000,2000.000,16,4,3,16,0.010,1,4,codedllm,2678,19734,24606,20.900,43.100,20.900
20260919,1000,2000.000,16,4,3,16,0.010,4,2,wait,2729,21144,25442,0.000,0.000,0.000
20260919,1000,2000.000,16,4,3,16,0.010,4,2,replication,2340,2688,2885,0.000,0.000,0.000
20260919,1000,2000.000,16,4,3,16,0.010,4,2,codedllm,2645,16630,22670,37.500,0.000,37.500
20260919,1000,2000.000,16,4,3,16,0.010,4,4,wait,2729,21144,25442,0.000,0.000,0.000
20260919,1000,2000.000,16,4,3,16,0.010,4,4,replication,2340,2688,2885,0.000,0.000,0.000
20260919,1000,2000.000,16,4,3,16,0.010,4,4,codedllm,2645,16630,22670,37.500,0.000,37.500
20260919,1000,2000.000,16,4,3,16,0.010,16,2,wait,2729,21144,25442,0.000,0.000,0.000
20260919,1000,2000.000,16,4,3,16,0.010,16,2,replication,2340,2688,2885,0.000,0.000,0.000
20260919,1000,2000.000,16,4,3,16,0.010,16,2,codedllm,2645,16630,22670,37.500,0.000,37.500
20260919,1000,2000.000,16,4,3,16,0.010,16,4,wait,2729,21144,25442,0.000,0.000,0.000
20260919,1000,2000.000,16,4,3,16,0.010,16,4,replication,2340,2688,2885,0.000,0.000,0.000
20260919,1000,2000.000,16,4,3,16,0.010,16,4,codedllm,2645,16630,22670,37.500,0.000,37.500
20260919,1000,2000.000,16,8,3,16,0.010,1,2,wait,2721,21194,25676,0.000,0.000,0.000
20260919,1000,2000.000,16,8,3,16,0.010,1,2,replication,2348,2684,2858,0.000,0.000,0.000
20260919,1000,2000.000,16,8,3,16,0.010,1,2,codedllm,2633,19767,25216,29.000,58.200,29.000
20260919,1000,2000.000,16,8,3,16,0.010,1,4,wait,2721,21194,25676,0.000,0.000,0.000
20260919,1000,2000.000,16,8,3,16,0.010,1,4,replication,2348,2684,2858,0.000,0.000,0.000
20260919,1000,2000.000,16,8,3,16,0.010,1,4,codedllm,2633,19767,25216,29.000,58.200,29.000
20260919,1000,2000.000,16,8,3,16,0.010,4,2,wait,2721,21194,25676,0.000,0.000,0.000
20260919,1000,2000.000,16,8,3,16,0.010,4,2,replication,2348,2684,2858,0.000,0.000,0.000
20260919,1000,2000.000,16,8,3,16,0.010,4,2,codedllm,2521,3046,21819,65.600,0.000,65.600
20260919,1000,2000.000,16,8,3,16,0.010,4,4,wait,2721,21194,25676,0.000,0.000,0.000
20260919,1000,2000.000,16,8,3,16,0.010,4,4,replication,2348,2684,2858,0.000,0.000,0.000
20260919,1000,2000.000,16,8,3,16,0.010,4,4,codedllm,2521,3046,21819,65.600,0.000,65.600
20260919,1000,2000.000,16,8,3,16,0.010,16,2,wait,2721,21194,25676,0.000,0.000,0.000
20260919,1000,2000.000,16,8,3,16,0.010,16,2,replication,2348,2684,2858,0.000,0.000,0.000
20260919,1000,2000.000,16,8,3,16,0.010,16,2,codedllm,2521,3046,21819,65.600,0.000,65.600
20260919,1000,2000.000,16,8,3,16,0.010,16,4,wait,2721,21194,25676,0.000,0.000,0.000
20260919,1000,2000.000,16,8,3,16,0.010,16,4,replication,2348,2684,2858,0.000,0.000,0.000
20260919,1000,2000.000,16,8,3,16,0.010,16,4,codedllm,2521,3046,21819,65.600,0.000,65.600
20260919,1000,2000.000,16,4,3,16,0.050,1,2,wait,16383,26151,29037,0.000,0.000,0.000
20260919,1000,2000.000,16,4,3,16,0.050,1,2,replication,2395,2996,19724,0.000,0.000,0.000
20260919,1000,2000.000,16,4,3,16,0.050,1,2,codedllm,2939,25216,29037,24.200,48.600,24.200
20260919,1000,2000.000,16,4,3,16,0.050,1,4,wait,16383,26151,29037,0.000,0.000,0.000
20260919,1000,2000.000,16,4,3,16,0.050,1,4,replication,2395,2996,19724,0.000,0.000,0.000
20260919,1000,2000.000,16,4,3,16,0.050,1,4,codedllm,2939,25216,29037,24.200,48.600,24.200
20260919,1000,2000.000,16,4,3,16,0.050,4,2,wait,16383,26151,29037,0.000,0.000,0.000
20260919,1000,2000.000,16,4,3,16,0.050,4,2,replication,2395,2996,19724,0.000,0.000,0.000
20260919,1000,2000.000,16,4,3,16,0.050,4,2,codedllm,2781,23629,27292,46.000,0.000,46.000
20260919,1000,2000.000,16,4,3,16,0.050,4,4,wait,16383,26151,29037,0.000,0.000,0.000
20260919,1000,2000.000,16,4,3,16,0.050,4,4,replication,2395,2996,19724,0.000,0.000,0.000
20260919,1000,2000.000,16,4,3,16,0.050,4,4,codedllm,2781,23629,27292,46.000,0.000,46.000
20260919,1000,2000.000,16,4,3,16,0.050,16,2,wait,16383,26151,29037,0.000,0.000,0.000
20260919,1000,2000.000,16,4,3,16,0.050,16,2,replication,2395,2996,19724,0.000,0.000,0.000
20260919,1000,2000.000,16,4,3,16,0.050,16,2,codedllm,2781,23629,27292,46.000,0.000,46.000
20260919,1000,2000.000,16,4,3,16,0.050,16,4,wait,16383,26151,29037,0.000,0.000,0.000
20260919,1000,2000.000,16,4,3,16,0.050,16,4,replication,2395,2996,19724,0.000,0.000,0.000
20260919,1000,2000.000,16,4,3,16,0.050,16,4,codedllm,2781,23629,27292,46.000,0.000,46.000
20260919,1000,2000.000,16,8,3,16,0.050,1,2,wait,15426,26167,29286,0.000,0.000,0.000
20260919,1000,2000.000,16,8,3,16,0.050,1,2,replication,2392,3012,20948,0.000,0.000,0.000
20260919,1000,2000.000,16,8,3,16,0.050,1,2,codedllm,2802,24853,28813,29.000,60.600,29.000
20260919,1000,2000.000,16,8,3,16,0.050,1,4,wait,15426,26167,29286,0.000,0.000,0.000
20260919,1000,2000.000,16,8,3,16,0.050,1,4,replication,2392,3012,20948,0.000,0.000,0.000
20260919,1000,2000.000,16,8,3,16,0.050,1,4,codedllm,2802,24853,28813,29.000,60.600,29.000
20260919,1000,2000.000,16,8,3,16,0.050,4,2,wait,15426,26167,29286,0.000,0.000,0.000
20260919,1000,2000.000,16,8,3,16,0.050,4,2,replication,2392,3012,20948,0.000,0.000,0.000
20260919,1000,2000.000,16,8,3,16,0.050,4,2,codedllm,2613,21297,26629,71.600,0.000,71.600
20260919,1000,2000.000,16,8,3,16,0.050,4,4,wait,15426,26167,29286,0.000,0.000,0.000
20260919,1000,2000.000,16,8,3,16,0.050,4,4,replication,2392,3012,20948,0.000,0.000,0.000
20260919,1000,2000.000,16,8,3,16,0.050,4,4,codedllm,2612,21297,26629,71.600,0.000,71.600
20260919,1000,2000.000,16,8,3,16,0.050,16,2,wait,15426,26167,29286,0.000,0.000,0.000
20260919,1000,2000.000,16,8,3,16,0.050,16,2,replication,2392,3012,20948,0.000,0.000,0.000
20260919,1000,2000.000,16,8,3,16,0.050,16,2,codedllm,2613,21297,26629,71.600,0.000,71.600
20260919,1000,2000.000,16,8,3,16,0.050,16,4,wait,15426,26167,29286,0.000,0.000,0.000
20260919,1000,2000.000,16,8,3,16,0.050,16,4,replication,2392,3012,20948,0.000,0.000,0.000
20260919,1000,2000.000,16,8,3,16,0.050,16,4,codedllm,2612,21297,26629,71.600,0.000,71.600
20260919,1000,2000.000,16,4,3,16,0.100,1,2,wait,20797,27524,29847,0.000,0.000,0.000
20260919,1000,2000.000,16,4,3,16,0.100,1,2,replication,2488,19898,23225,0.000,0.000,0.000
20260919,1000,2000.000,16,4,3,16,0.100,1,2,codedllm,19282,27043,29619,25.200,51.900,25.200
20260919,1000,2000.000,16,4,3,16,0.100,1,4,wait,20797,27524,29847,0.000,0.000,0.000
20260919,1000,2000.000,16,4,3,16,0.100,1,4,replication,2488,19898,23225,0.000,0.000,0.000
20260919,1000,2000.000,16,4,3,16,0.100,1,4,codedllm,19282,27043,29619,25.200,51.900,25.200
20260919,1000,2000.000,16,4,3,16,0.100,4,2,wait,20797,27524,29847,0.000,0.000,0.000
20260919,1000,2000.000,16,4,3,16,0.100,4,2,replication,2488,19898,23225,0.000,0.000,0.000
20260919,1000,2000.000,16,4,3,16,0.100,4,2,codedllm,15893,26259,28650,50.900,0.000,50.900
20260919,1000,2000.000,16,4,3,16,0.100,4,4,wait,20797,27524,29847,0.000,0.000,0.000
20260919,1000,2000.000,16,4,3,16,0.100,4,4,replication,2488,19898,23225,0.000,0.000,0.000
20260919,1000,2000.000,16,4,3,16,0.100,4,4,codedllm,15893,26259,28650,50.900,0.000,50.900
20260919,1000,2000.000,16,4,3,16,0.100,16,2,wait,20797,27524,29847,0.000,0.000,0.000
20260919,1000,2000.000,16,4,3,16,0.100,16,2,replication,2488,19898,23225,0.000,0.000,0.000
20260919,1000,2000.000,16,4,3,16,0.100,16,2,codedllm,15893,26259,28650,50.900,0.000,50.900
20260919,1000,2000.000,16,4,3,16,0.100,16,4,wait,20797,27524,29847,0.000,0.000,0.000
20260919,1000,2000.000,16,4,3,16,0.100,16,4,replication,2488,19898,23225,0.000,0.000,0.000
20260919,1000,2000.000,16,4,3,16,0.100,16,4,codedllm,15893,26259,28650,50.900,0.000,50.900
20260919,1000,2000.000,16,8,3,16,0.100,1,2,wait,20915,27602,29846,0.000,0.000,0.000
20260919,1000,2000.000,16,8,3,16,0.100,1,2,replication,2498,19965,23225,0.000,0.000,0.000
20260919,1000,2000.000,16,8,3,16,0.100,1,2,codedllm,17622,26783,28958,31.000,61.100,31.000
20260919,1000,2000.000,16,8,3,16,0.100,1,4,wait,20915,27602,29846,0.000,0.000,0.000
20260919,1000,2000.000,16,8,3,16,0.100,1,4,replication,2498,19965,23225,0.000,0.000,0.000
20260919,1000,2000.000,16,8,3,16,0.100,1,4,codedllm,17622,26783,28958,31.000,61.100,31.000
20260919,1000,2000.000,16,8,3,16,0.100,4,2,wait,20915,27602,29846,0.000,0.000,0.000
20260919,1000,2000.000,16,8,3,16,0.100,4,2,replication,2498,19965,23225,0.000,0.000,0.000
20260919,1000,2000.000,16,8,3,16,0.100,4,2,codedllm,2733,23658,26322,76.500,0.000,76.500
20260919,1000,2000.000,16,8,3,16,0.100,4,4,wait,20915,27602,29846,0.000,0.000,0.000
20260919,1000,2000.000,16,8,3,16,0.100,4,4,replication,2498,19965,23225,0.000,0.000,0.000
20260919,1000,2000.000,16,8,3,16,0.100,4,4,codedllm,2733,23658,26322,76.500,0.000,76.500
20260919,1000,2000.000,16,8,3,16,0.100,16,2,wait,20915,27602,29846,0.000,0.000,0.000
20260919,1000,2000.000,16,8,3,16,0.100,16,2,replication,2498,19965,23225,0.000,0.000,0.000
20260919,1000,2000.000,16,8,3,16,0.100,16,2,codedllm,2733,23658,26322,76.500,0.000,76.500
20260919,1000,2000.000,16,8,3,16,0.100,16,4,wait,20915,27602,29846,0.000,0.000,0.000
20260919,1000,2000.000,16,8,3,16,0.100,16,4,replication,2498,19965,23225,0.000,0.000,0.000
20260919,1000,2000.000,16,8,3,16,0.100,16,4,codedllm,2733,23658,26322,76.500,0.000,76.500
20260920,1000,2000.000,16,4,3,16,0.010,1,2,wait,2722,21302,25405,0.000,0.000,0.000
20260920,1000,2000.000,16,4,3,16,0.010,1,2,replication,2343,2687,2917,0.000,0.000,0.000
20260920,1000,2000.000,16,4,3,16,0.010,1,2,codedllm,2671,19530,25042,20.900,43.200,20.900
20260920,1000,2000.000,16,4,3,16,0.010,1,4,wait,2722,21302,25405,0.000,0.000,0.000
20260920,1000,2000.000,16,4,3,16,0.010,1,4,replication,2343,2687,2917,0.000,0.000,0.000
20260920,1000,2000.000,16,4,3,16,0.010,1,4,codedllm,2671,19530,25042,20.900,43.200,20.900
20260920,1000,2000.000,16,4,3,16,0.010,4,2,wait,2722,21302,25405,0.000,0.000,0.000
20260920,1000,2000.000,16,4,3,16,0.010,4,2,replication,2343,2687,2917,0.000,0.000,0.000
20260920,1000,2000.000,16,4,3,16,0.010,4,2,codedllm,2634,17617,24543,34.800,0.000,34.800
20260920,1000,2000.000,16,4,3,16,0.010,4,4,wait,2722,21302,25405,0.000,0.000,0.000
20260920,1000,2000.000,16,4,3,16,0.010,4,4,replication,2343,2687,2917,0.000,0.000,0.000
20260920,1000,2000.000,16,4,3,16,0.010,4,4,codedllm,2634,17617,24543,34.800,0.000,34.800
20260920,1000,2000.000,16,4,3,16,0.010,16,2,wait,2722,21302,25405,0.000,0.000,0.000
20260920,1000,2000.000,16,4,3,16,0.010,16,2,replication,2343,2687,2917,0.000,0.000,0.000
20260920,1000,2000.000,16,4,3,16,0.010,16,2,codedllm,2634,17617,24543,34.800,0.000,34.800
20260920,1000,2000.000,16,4,3,16,0.010,16,4,wait,2722,21302,25405,0.000,0.000,0.000
20260920,1000,2000.000,16,4,3,16,0.010,16,4,replication,2343,2687,2917,0.000,0.000,0.000
20260920,1000,2000.000,16,4,3,16,0.010,16,4,codedllm,2634,17617,24543,34.800,0.000,34.800
20260920,1000,2000.000,16,8,3,16,0.010,1,2,wait,2718,21805,25929,0.000,0.000,0.000
20260920,1000,2000.000,16,8,3,16,0.010,1,2,replication,2341,2675,2883,0.000,0.000,0.000
20260920,1000,2000.000,16,8,3,16,0.010,1,2,codedllm,2636,19951,24790,26.500,56.400,26.500
20260920,1000,2000.000,16,8,3,16,0.010,1,4,wait,2718,21805,25929,0.000,0.000,0.000
20260920,1000,2000.000,16,8,3,16,0.010,1,4,replication,2341,2675,2883,0.000,0.000,0.000
20260920,1000,2000.000,16,8,3,16,0.010,1,4,codedllm,2636,19951,24790,26.500,56.400,26.500
20260920,1000,2000.000,16,8,3,16,0.010,4,2,wait,2718,21805,25929,0.000,0.000,0.000
20260920,1000,2000.000,16,8,3,16,0.010,4,2,replication,2341,2675,2883,0.000,0.000,0.000
20260920,1000,2000.000,16,8,3,16,0.010,4,2,codedllm,2554,3053,22217,56.100,0.000,56.100
20260920,1000,2000.000,16,8,3,16,0.010,4,4,wait,2718,21805,25929,0.000,0.000,0.000
20260920,1000,2000.000,16,8,3,16,0.010,4,4,replication,2341,2675,2883,0.000,0.000,0.000
20260920,1000,2000.000,16,8,3,16,0.010,4,4,codedllm,2554,3053,22217,56.100,0.000,56.100
20260920,1000,2000.000,16,8,3,16,0.010,16,2,wait,2718,21805,25929,0.000,0.000,0.000
20260920,1000,2000.000,16,8,3,16,0.010,16,2,replication,2341,2675,2883,0.000,0.000,0.000
20260920,1000,2000.000,16,8,3,16,0.010,16,2,codedllm,2554,3053,22217,56.100,0.000,56.100
20260920,1000,2000.000,16,8,3,16,0.010,16,4,wait,2718,21805,25929,0.000,0.000,0.000
20260920,1000,2000.000,16,8,3,16,0.010,16,4,replication,2341,2675,2883,0.000,0.000,0.000
20260920,1000,2000.000,16,8,3,16,0.010,16,4,codedllm,2554,3053,22217,56.100,0.000,56.100
20260920,1000,2000.000,16,4,3,16,0.050,1,2,wait,14640,25531,28007,0.000,0.000,0.000
20260920,1000,2000.000,16,4,3,16,0.050,1,2,replication,2408,3119,19622,0.000,0.000,0.000
20260920,1000,2000.000,16,4,3,16,0.050,1,2,codedllm,2918,24985,27447,21.200,48.000,21.200
20260920,1000,2000.000,16,4,3,16,0.050,1,4,wait,14640,25531,28007,0.000,0.000,0.000
20260920,1000,2000.000,16,4,3,16,0.050,1,4,replication,2408,3119,19622,0.000,0.000,0.000
20260920,1000,2000.000,16,4,3,16,0.050,1,4,codedllm,2918,24985,27447,21.200,48.000,21.200
20260920,1000,2000.000,16,4,3,16,0.050,4,2,wait,14640,25531,28007,0.000,0.000,0.000
20260920,1000,2000.000,16,4,3,16,0.050,4,2,replication,2408,3119,19622,0.000,0.000,0.000
20260920,1000,2000.000,16,4,3,16,0.050,4,2,codedllm,2815,24337,27282,39.600,0.000,39.600
20260920,1000,2000.000,16,4,3,16,0.050,4,4,wait,14640,25531,28007,0.000,0.000,0.000
20260920,1000,2000.000,16,4,3,16,0.050,4,4,replication,2408,3119,19622,0.000,0.000,0.000
20260920,1000,2000.000,16,4,3,16,0.050,4,4,codedllm,2815,24337,27282,39.600,0.000,39.600
20260920,1000,2000.000,16,4,3,16,0.050,16,2,wait,14640,25531,28007,0.000,0.000,0.000
20260920,1000,2000.000,16,4,3,16,0.050,16,2,replication,2408,3119,19622,0.000,0.000,0.000
20260920,1000,2000.000,16,4,3,16,0.050,16,2,codedllm,2815,24337,27282,39.600,0.000,39.600
20260920,1000,2000.000,16,4,3,16,0.050,16,4,wait,14640,25531,28007,0.000,0.000,0.000
20260920,1000,2000.000,16,4,3,16,0.050,16,4,replication,2408,3119,19622,0.000,0.000,0.000
20260920,1000,2000.000,16,4,3,16,0.050,16,4,codedllm,2815,24337,27282,39.600,0.000,39.600
20260920,1000,2000.000,16,8,3,16,0.050,1,2,wait,15448,25815,28683,0.000,0.000,0.000
20260920,1000,2000.000,16,8,3,16,0.050,1,2,replication,2407,2956,19622,0.000,0.000,0.000
20260920,1000,2000.000,16,8,3,16,0.050,1,2,codedllm,2844,24985,27941,27.400,60.500,27.400
20260920,1000,2000.000,16,8,3,16,0.050,1,4,wait,15448,25815,28683,0.000,0.000,0.000
20260920,1000,2000.000,16,8,3,16,0.050,1,4,replication,2407,2956,19622,0.000,0.000,0.000
20260920,1000,2000.000,16,8,3,16,0.050,1,4,codedllm,2844,24985,27941,27.400,60.500,27.400
20260920,1000,2000.000,16,8,3,16,0.050,4,2,wait,15448,25815,28683,0.000,0.000,0.000
20260920,1000,2000.000,16,8,3,16,0.050,4,2,replication,2407,2956,19622,0.000,0.000,0.000
20260920,1000,2000.000,16,8,3,16,0.050,4,2,codedllm,2634,22157,26124,65.900,0.000,65.900
20260920,1000,2000.000,16,8,3,16,0.050,4,4,wait,15448,25815,28683,0.000,0.000,0.000
20260920,1000,2000.000,16,8,3,16,0.050,4,4,replication,2407,2956,19622,0.000,0.000,0.000
20260920,1000,2000.000,16,8,3,16,0.050,4,4,codedllm,2633,22157,26124,66.000,0.000,66.000
20260920,1000,2000.000,16,8,3,16,0.050,16,2,wait,15448,25815,28683,0.000,0.000,0.000
20260920,1000,2000.000,16,8,3,16,0.050,16,2,replication,2407,2956,19622,0.000,0.000,0.000
20260920,1000,2000.000,16,8,3,16,0.050,16,2,codedllm,2634,22157,26124,65.900,0.000,65.900
20260920,1000,2000.000,16,8,3,16,0.050,16,4,wait,15448,25815,28683,0.000,0.000,0.000
20260920,1000,2000.000,16,8,3,16,0.050,16,4,replication,2407,2956,19622,0.000,0.000,0.000
20260920,1000,2000.000,16,8,3,16,0.050,16,4,codedllm,2633,22157,26124,66.000,0.000,66.000
20260920,1000,2000.000,16,4,3,16,0.100,1,2,wait,20251,26862,29248,0.000,0.000,0.000
20260920,1000,2000.000,16,4,3,16,0.100,1,2,replication,2467,19495,22218,0.000,0.000,0.000
20260920,1000,2000.000,16,4,3,16,0.100,1,2,codedllm,18684,26349,29218,22.900,51.700,22.900
20260920,1000,2000.000,16,4,3,16,0.100,1,4,wait,20251,26862,29248,0.000,0.000,0.000
20260920,1000,2000.000,16,4,3,16,0.100,1,4,replication,2467,19495,22218,0.000,0.000,0.000
20260920,1000,2000.000,16,4,3,16,0.100,1,4,codedllm,18684,26349,29218,22.900,51.700,22.900
20260920,1000,2000.000,16,4,3,16,0.100,4,2,wait,20251,26862,29248,0.000,0.000,0.000
20260920,1000,2000.000,16,4,3,16,0.100,4,2,replication,2467,19495,22218,0.000,0.000,0.000
20260920,1000,2000.000,16,4,3,16,0.100,4,2,codedllm,16678,25552,28050,43.600,0.000,43.600
20260920,1000,2000.000,16,4,3,16,0.100,4,4,wait,20251,26862,29248,0.000,0.000,0.000
20260920,1000,2000.000,16,4,3,16,0.100,4,4,replication,2467,19495,22218,0.000,0.000,0.000
20260920,1000,2000.000,16,4,3,16,0.100,4,4,codedllm,16678,25552,28050,43.600,0.000,43.600
20260920,1000,2000.000,16,4,3,16,0.100,16,2,wait,20251,26862,29248,0.000,0.000,0.000
20260920,1000,2000.000,16,4,3,16,0.100,16,2,replication,2467,19495,22218,0.000,0.000,0.000
20260920,1000,2000.000,16,4,3,16,0.100,16,2,codedllm,16678,25552,28050,43.600,0.000,43.600
20260920,1000,2000.000,16,4,3,16,0.100,16,4,wait,20251,26862,29248,0.000,0.000,0.000
20260920,1000,2000.000,16,4,3,16,0.100,16,4,replication,2467,19495,22218,0.000,0.000,0.000
20260920,1000,2000.000,16,4,3,16,0.100,16,4,codedllm,16678,25552,28050,43.600,0.000,43.600
20260920,1000,2000.000,16,8,3,16,0.100,1,2,wait,20269,27020,29248,0.000,0.000,0.000
20260920,1000,2000.000,16,8,3,16,0.100,1,2,replication,2465,19553,22218,0.000,0.000,0.000
20260920,1000,2000.000,16,8,3,16,0.100,1,2,codedllm,17694,26412,28738,28.700,60.300,28.700
20260920,1000,2000.000,16,8,3,16,0.100,1,4,wait,20269,27020,29248,0.000,0.000,0.000
20260920,1000,2000.000,16,8,3,16,0.100,1,4,replication,2465,19553,22218,0.000,0.000,0.000
20260920,1000,2000.000,16,8,3,16,0.100,1,4,codedllm,17694,26412,28738,28.700,60.300,28.700
20260920,1000,2000.000,16,8,3,16,0.100,4,2,wait,20269,27020,29248,0.000,0.000,0.000
20260920,1000,2000.000,16,8,3,16,0.100,4,2,replication,2465,19553,22218,0.000,0.000,0.000
20260920,1000,2000.000,16,8,3,16,0.100,4,2,codedllm,2779,23906,27447,71.500,0.000,71.500
20260920,1000,2000.000,16,8,3,16,0.100,4,4,wait,20269,27020,29248,0.000,0.000,0.000
20260920,1000,2000.000,16,8,3,16,0.100,4,4,replication,2465,19553,22218,0.000,0.000,0.000
20260920,1000,2000.000,16,8,3,16,0.100,4,4,codedllm,2779,23906,27447,71.500,0.000,71.500
20260920,1000,2000.000,16,8,3,16,0.100,16,2,wait,20269,27020,29248,0.000,0.000,0.000
20260920,1000,2000.000,16,8,3,16,0.100,16,2,replication,2465,19553,22218,0.000,0.000,0.000
20260920,1000,2000.000,16,8,3,16,0.100,16,2,codedllm,2779,23906,27447,71.500,0.000,71.500
20260920,1000,2000.000,16,8,3,16,0.100,16,4,wait,20269,27020,29248,0.000,0.000,0.000
20260920,1000,2000.000,16,8,3,16,0.100,16,4,replication,2465,19553,22218,0.000,0.000,0.000
20260920,1000,2000.000,16,8,3,16,0.100,16,4,codedllm,2779,23906,27447,71.500,0.000,71.500
